player,bat_runs,bat_balls,bat_dismissals,bat_matches,bat_fours,bat_sixes,boundary_runs,bat_sr,bat_avg,boundary_pct,pp_sr,death_sr,bowl_runs,bowl_balls,bowl_wickets,bowl_matches,bowl_economy,bowl_sr,pp_economy,death_economy,role
A Tomar,4.0,8.0,1.0,1.0,1.0,0.0,4.0,50.0,4.0,100.0,50.0,,,,,,,,,,Batter
A Uniyal,4.0,7.0,1.0,2.0,0.0,0.0,0.0,57.14,4.0,0.0,,57.14,67.0,36.0,3.0,2.0,11.17,12.0,11.0,9.0,Bowler
AA Kulkarni,9.0,8.0,2.0,2.0,2.0,0.0,8.0,112.5,4.5,88.89,112.5,,,,,,,,,,Batter
AA Noffke,9.0,12.0,1.0,1.0,1.0,0.0,4.0,75.0,9.0,44.44,,,41.0,24.0,1.0,1.0,10.25,24.0,23.0,5.5,Bowler
AB Barath,42.0,43.0,2.0,3.0,5.0,1.0,26.0,97.67,21.0,61.9,128.57,40.0,,,,,,,,,Batter
AB de Villiers,5181.0,3487.0,125.0,170.0,414.0,253.0,3174.0,148.58,41.45,61.26,117.62,215.46,,,,,,,,,WK-Batter
AC Blizzard,120.0,91.0,7.0,7.0,21.0,2.0,96.0,131.87,17.14,80.0,128.57,,,,,,,,,,Batter
AC Thomas,20.0,19.0,2.0,4.0,1.0,1.0,10.0,105.26,10.0,50.0,,105.26,416.0,315.0,16.0,15.0,7.92,19.69,6.53,10.43,Bowler
AC Voges,181.0,143.0,6.0,7.0,15.0,3.0,78.0,126.57,30.17,43.09,77.78,151.79,76.0,54.0,1.0,7.0,8.44,54.0,13.0,5.0,Batter
AD Nath,90.0,99.0,10.0,10.0,7.0,2.0,40.0,90.91,9.0,44.44,91.67,88.0,,,,,,,,,Batter
AG Murtaza,10.0,14.0,1.0,3.0,1.0,0.0,4.0,71.43,10.0,40.0,,71.43,322.0,264.0,12.0,12.0,7.32,22.0,4.0,13.5,Bowler
AG Paunikar,49.0,61.0,5.0,5.0,9.0,0.0,36.0,80.33,9.8,73.47,80.33,,,,,,,,,,Batter
AJ Hosein,16.0,11.0,0.0,1.0,1.0,1.0,10.0,145.45,16.0,62.5,,145.45,41.0,24.0,1.0,1.0,10.25,24.0,10.33,,Bowler
AJ Turner,24.0,31.0,5.0,6.0,0.0,2.0,12.0,77.42,4.8,50.0,,36.84,,,,,,,,,Batter
AL Menaria,401.0,367.0,22.0,23.0,24.0,18.0,204.0,109.26,18.23,50.87,100.0,116.87,144.0,110.0,3.0,12.0,7.85,36.67,6.88,14.4,Batter
AM Salvi,,,,,,,,,,,,,205.0,150.0,7.0,7.0,8.2,21.43,7.18,9.2,Bowler
AN Ahmed,36.0,27.0,1.0,6.0,4.0,1.0,22.0,133.33,36.0,61.11,,133.33,515.0,344.0,15.0,17.0,8.98,22.93,8.13,11.54,Bowler
AN Ghosh,7.0,8.0,2.0,2.0,1.0,0.0,4.0,87.5,3.5,57.14,100.0,,,,,,,,,,Batter
AP Dole,34.0,23.0,2.0,2.0,3.0,1.0,18.0,147.83,17.0,52.94,,157.14,114.0,66.0,5.0,3.0,10.36,13.2,12.4,11.0,Bowler
AP Majumdar,87.0,77.0,4.0,4.0,7.0,2.0,40.0,112.99,21.75,45.98,140.0,66.67,,,,,,,,,Batter
AR Bawne,12.0,12.0,0.0,1.0,1.0,0.0,4.0,100.0,12.0,33.33,,100.0,,,,,,,,,Batter
AS Raut,194.0,172.0,11.0,16.0,13.0,7.0,94.0,112.79,17.64,48.45,116.67,111.11,45.0,30.0,0.0,5.0,9.0,,,6.5,Batter
AS Roy,26.0,24.0,3.0,6.0,3.0,0.0,12.0,108.33,8.67,46.15,80.0,137.5,191.0,136.0,6.0,9.0,8.43,22.67,10.71,7.2,Bowler
AT Carey,32.0,29.0,2.0,3.0,0.0,1.0,6.0,110.34,16.0,18.75,,110.34,,,,,,,,,Batter
AUK Pathan,39.0,26.0,5.0,7.0,5.0,2.0,32.0,150.0,7.8,82.05,233.33,116.67,63.0,39.0,0.0,3.0,9.69,,,11.2,Bowler
Aakash Chopra,53.0,75.0,5.0,6.0,7.0,0.0,28.0,70.67,10.6,52.83,65.85,50.0,,,,,,,,,Batter
Aaron Finch,2092.0,1696.0,84.0,90.0,214.0,78.0,1324.0,123.35,24.9,63.29,110.29,153.26,67.0,43.0,1.0,5.0,9.35,43.0,3.0,5.14,Batter
Abdul Basith,1.0,1.0,0.0,1.0,0.0,0.0,0.0,100.0,1.0,0.0,,100.0,,,,,,,,,Batter
Abdul Samad,743.0,506.0,41.0,51.0,45.0,50.0,480.0,146.84,18.12,64.6,100.0,164.9,119.0,56.0,2.0,6.0,12.75,28.0,,19.5,Batter
Abdur Razzak,0.0,2.0,0.0,1.0,0.0,0.0,0.0,0.0,0.0,0.0,,0.0,29.0,12.0,0.0,1.0,14.5,,,,Bowler
Abhimanyu Mithun,34.0,26.0,5.0,6.0,4.0,1.0,22.0,130.77,6.8,64.71,,135.71,477.0,288.0,8.0,16.0,9.94,36.0,9.55,11.92,Bowler
Abhinav Manohar,292.0,243.0,19.0,20.0,23.0,14.0,176.0,120.16,15.37,60.27,66.67,149.49,,,,,,,,,Batter
Abhinav Mukund,19.0,23.0,2.0,2.0,1.0,0.0,4.0,82.61,9.5,21.05,87.5,0.0,,,,,,,,,Batter
Abhishek Jhunjhunwala,217.0,218.0,14.0,15.0,19.0,5.0,106.0,99.54,15.5,48.85,66.67,130.19,130.0,85.0,1.0,10.0,9.18,85.0,9.4,12.0,Batter
Abhishek Nayar,672.0,588.0,39.0,50.0,55.0,20.0,340.0,114.29,17.23,50.6,85.53,155.0,323.0,229.0,9.0,19.0,8.46,25.44,10.0,9.0,All-rounder
Abhishek Sharma,1816.0,1167.0,67.0,74.0,174.0,101.0,1302.0,155.61,27.1,71.7,153.31,146.67,509.0,337.0,11.0,32.0,9.06,30.64,9.0,17.67,All-rounder
Abishek Porel,661.0,453.0,29.0,29.0,65.0,27.0,422.0,145.92,22.79,63.84,146.3,170.59,,,,,,,,,Batter
Abrar Kazi,,,,,,,,,,,,,21.0,12.0,1.0,1.0,10.5,12.0,,,Bowler
Adam Gilchrist,2069.0,1555.0,76.0,80.0,239.0,92.0,1508.0,133.05,27.22,72.89,128.24,196.88,0.0,1.0,1.0,1.0,0.0,1.0,,0.0,Batter
Adam Milne,23.0,31.0,5.0,6.0,0.0,1.0,6.0,74.19,4.6,26.09,,77.27,339.0,207.0,9.0,10.0,9.83,23.0,9.88,9.58,Bowler
Adam Zampa,15.0,25.0,5.0,5.0,1.0,0.0,4.0,60.0,3.0,26.67,,54.55,656.0,469.0,32.0,22.0,8.39,14.66,6.86,11.07,Bowler
Adil Rashid,22.0,17.0,2.0,2.0,2.0,1.0,14.0,129.41,11.0,63.64,,133.33,91.0,60.0,2.0,3.0,9.1,30.0,,10.0,Bowler
Aditya Tare,339.0,285.0,24.0,27.0,40.0,11.0,226.0,118.95,14.12,66.67,105.61,153.85,,,,,,,,,Batter
Aiden Markram,1440.0,1093.0,46.0,55.0,111.0,57.0,786.0,131.75,31.3,54.58,125.77,163.51,275.0,189.0,6.0,19.0,8.73,31.5,8.23,6.0,Batter
Ajinkya Rahane,5032.0,4129.0,167.0,183.0,515.0,123.0,2798.0,121.87,30.13,55.6,119.43,154.24,5.0,6.0,1.0,1.0,5.0,6.0,,,Batter
Ajit Agarkar,179.0,160.0,8.0,18.0,13.0,5.0,82.0,111.87,22.38,45.81,133.33,127.55,1174.0,782.0,33.0,42.0,9.01,23.7,9.83,10.25,Bowler
Ajit Chandila,4.0,7.0,1.0,2.0,0.0,0.0,0.0,57.14,4.0,0.0,,57.14,245.0,234.0,11.0,12.0,6.28,21.27,5.79,6.0,Bowler
Akash Deep,25.0,14.0,3.0,5.0,2.0,2.0,20.0,178.57,8.33,80.0,,166.67,554.0,291.0,11.0,14.0,11.42,26.45,10.38,15.26,Bowler
Akash Madhwal,8.0,14.0,0.0,2.0,0.0,0.0,0.0,57.14,8.0,0.0,,66.67,596.0,357.0,26.0,17.0,10.02,13.73,8.08,11.14,Bowler
Akash Maharaj Singh,,,,,,,,,,,,,99.0,67.0,4.0,3.0,8.87,16.75,8.51,,Bowler
Akash Singh,,,,,,,,,,,,,227.0,138.0,5.0,7.0,9.87,27.6,9.53,13.5,Bowler
Akila Dananjaya,4.0,5.0,0.0,1.0,0.0,0.0,0.0,80.0,4.0,0.0,,80.0,47.0,24.0,0.0,1.0,11.75,,12.0,,Bowler
Albie Morkel,975.0,712.0,40.0,67.0,61.0,55.0,574.0,136.94,24.38,58.87,128.57,149.88,2409.0,1723.0,96.0,87.0,8.39,17.95,8.67,9.45,All-rounder
Alex Hales,148.0,119.0,6.0,6.0,13.0,6.0,88.0,124.37,24.67,59.46,139.02,,,,,,,,,,Batter
Alzarri Joseph,27.0,32.0,1.0,5.0,3.0,0.0,12.0,84.38,27.0,44.44,,82.76,707.0,434.0,22.0,22.0,9.77,19.73,10.11,10.08,Bowler
Aman Hakim Khan,115.0,109.0,9.0,10.0,8.0,6.0,68.0,105.5,12.78,59.13,80.0,134.09,13.0,6.0,0.0,1.0,13.0,,,,Batter
Ambati Rayudu,4348.0,3490.0,152.0,185.0,359.0,173.0,2474.0,124.58,28.61,56.9,103.6,162.62,,,,,,,,,Batter
Amit Mishra,381.0,440.0,31.0,55.0,31.0,5.0,154.0,86.59,12.29,40.42,20.0,98.48,4193.0,3371.0,183.0,162.0,7.46,18.42,7.57,9.57,Bowler
Anand Rajan,,,,,,,,,,,,,206.0,149.0,10.0,8.0,8.3,14.9,6.71,11.71,Bowler
Andre Nel,,,,,,,,,,,,,31.0,18.0,1.0,1.0,10.33,18.0,12.0,8.0,Bowler
Andre Russell,2655.0,1624.0,92.0,114.0,187.0,223.0,2086.0,163.49,28.86,78.57,241.18,180.58,2909.0,1811.0,133.0,121.0,9.64,13.62,8.59,10.88,All-rounder
Andrew Flintoff,62.0,57.0,2.0,3.0,5.0,2.0,32.0,108.77,31.0,51.61,93.33,138.89,106.0,66.0,2.0,3.0,9.64,33.0,10.5,14.75,Bowler
Andrew McDonald,123.0,103.0,5.0,9.0,9.0,4.0,60.0,119.42,24.6,48.78,157.89,117.65,263.0,186.0,14.0,10.0,8.48,13.29,9.14,10.2,Bowler
Andrew Symonds,974.0,781.0,26.0,36.0,74.0,41.0,542.0,124.71,37.46,55.65,83.72,148.73,694.0,527.0,23.0,30.0,7.9,22.91,5.79,10.63,All-rounder
Andrew Tye,91.0,79.0,8.0,13.0,6.0,5.0,54.0,115.19,11.38,59.34,,112.9,1005.0,685.0,48.0,30.0,8.8,14.27,8.12,9.61,Bowler
Angelo Mathews,724.0,599.0,31.0,41.0,44.0,29.0,350.0,120.87,23.35,48.34,58.82,147.06,1095.0,791.0,28.0,44.0,8.31,28.25,8.81,8.71,All-rounder
Angkrish Raghuvanshi,463.0,326.0,16.0,18.0,46.0,16.0,280.0,142.02,28.94,60.48,165.59,131.82,,,,,,,,,Batter
Aniket Choudhary,25.0,20.0,2.0,3.0,1.0,1.0,10.0,125.0,12.5,40.0,,125.0,144.0,101.0,5.0,5.0,8.55,20.2,7.67,10.0,Bowler
Aniket Verma,236.0,148.0,9.0,12.0,12.0,20.0,168.0,159.46,26.22,71.19,100.0,181.82,,,,,,,,,Batter
Anil Kumble,35.0,49.0,2.0,15.0,3.0,0.0,12.0,71.43,17.5,34.29,,77.27,1089.0,965.0,49.0,42.0,6.77,19.69,5.0,7.8,Bowler
Anirudh Singh,63.0,69.0,4.0,4.0,6.0,1.0,30.0,91.3,15.75,47.62,81.82,92.86,,,,,,,,,Batter
Ankeet Chavan,12.0,11.0,1.0,3.0,2.0,0.0,8.0,109.09,12.0,66.67,,137.5,339.0,248.0,8.0,13.0,8.2,31.0,6.83,13.71,Bowler
Ankit Rajpoot,26.0,41.0,4.0,7.0,2.0,1.0,14.0,63.41,6.5,53.85,,69.44,844.0,530.0,24.0,29.0,9.55,22.08,9.28,11.94,Bowler
Ankit Sharma,87.0,69.0,7.0,10.0,7.0,4.0,52.0,126.09,12.43,59.77,117.39,137.14,453.0,367.0,12.0,21.0,7.41,30.58,6.33,11.76,Bowler
Ankit Soni,7.0,9.0,2.0,3.0,0.0,1.0,6.0,77.78,3.5,85.71,,77.78,145.0,109.0,4.0,6.0,7.98,27.25,3.0,24.0,Bowler
Anmolpreet Singh,139.0,117.0,9.0,9.0,19.0,3.0,94.0,118.8,15.44,67.63,124.73,,,,,,,,,,Batter
Anrich Nortje,49.0,51.0,5.0,13.0,6.0,0.0,24.0,96.08,9.8,48.98,,96.08,1701.0,1099.0,63.0,48.0,9.29,17.44,8.58,10.25,Bowler
Anshul Kamboj,16.0,15.0,2.0,6.0,2.0,0.0,8.0,106.67,8.0,50.0,,106.67,288.0,190.0,10.0,11.0,9.09,19.0,8.87,6.0,Bowler
Anuj Rawat,318.0,276.0,14.0,21.0,26.0,14.0,188.0,115.22,22.71,59.12,91.21,167.06,,,,,,,,,Batter
Anukul Roy,0.0,1.0,1.0,1.0,0.0,0.0,0.0,0.0,0.0,0.0,,0.0,27.0,25.0,2.0,1.0,6.48,12.5,7.5,,Bowler
Anureet Singh,38.0,57.0,8.0,13.0,2.0,1.0,14.0,66.67,4.75,36.84,,73.91,1275.0,885.0,52.0,45.0,8.64,17.02,7.14,10.62,Bowler
Arjun Tendulkar,13.0,9.0,1.0,1.0,0.0,1.0,6.0,144.44,13.0,46.15,,144.44,117.0,73.0,4.0,5.0,9.62,18.25,6.33,19.64,Bowler
Arshad Khan,119.0,90.0,6.0,10.0,5.0,9.0,74.0,132.22,19.83,62.18,,135.59,501.0,269.0,12.0,18.0,11.17,22.42,10.1,14.9,Bowler
Arshad Khan (2),5.0,4.0,1.0,1.0,1.0,0.0,4.0,125.0,5.0,80.0,,125.0,25.0,12.0,0.0,1.0,12.5,,,,Bowler
Arshdeep Singh,31.0,48.0,6.0,13.0,4.0,0.0,16.0,64.58,5.17,51.61,,60.0,2624.0,1731.0,106.0,81.0,9.1,16.33,8.77,9.72,Bowler
Ashish Nehra,41.0,63.0,8.0,17.0,3.0,1.0,18.0,65.08,5.12,43.9,,65.08,2537.0,1908.0,121.0,88.0,7.98,15.77,7.61,9.04,Bowler
Ashish Reddy,280.0,196.0,15.0,23.0,16.0,15.0,154.0,142.86,18.67,55.0,71.43,144.59,400.0,262.0,19.0,20.0,9.16,13.79,20.0,10.04,All-rounder
Ashok Dinda,26.0,50.0,9.0,16.0,2.0,0.0,8.0,52.0,2.89,30.77,,48.78,2103.0,1516.0,82.0,75.0,8.32,18.49,7.48,11.17,Bowler
Ashutosh Sharma,393.0,254.0,15.0,18.0,24.0,28.0,264.0,154.72,26.2,67.18,,170.0,,,,,,,,,Batter
Ashwani Kumar,,,,,,,,,,,,,234.0,132.0,11.0,7.0,10.64,12.0,11.81,12.95,Bowler
Atharva Taide,260.0,188.0,9.0,10.0,30.0,8.0,168.0,138.3,28.89,64.62,140.18,,4.0,1.0,0.0,1.0,24.0,,,24.0,Batter
Avesh Khan,62.0,39.0,2.0,13.0,6.0,4.0,48.0,158.97,31.0,77.42,,142.86,2497.0,1629.0,94.0,75.0,9.2,17.33,9.37,9.78,Bowler
Axar,263.0,171.0,10.0,11.0,23.0,15.0,182.0,153.8,26.3,69.2,144.44,203.03,289.0,207.0,6.0,11.0,8.38,34.5,7.69,9.33,All-rounder
Axar Patel,1653.0,1318.0,78.0,112.0,107.0,79.0,902.0,125.42,21.19,54.57,84.21,143.54,3824.0,3105.0,131.0,148.0,7.39,23.7,7.8,8.93,All-rounder
Ayush Badoni,1012.0,780.0,43.0,52.0,78.0,40.0,552.0,129.74,23.53,54.55,58.0,150.68,50.0,35.0,4.0,7.0,8.57,8.75,0.0,7.12,Batter
Ayush Mhatre,240.0,131.0,7.0,7.0,31.0,11.0,190.0,183.21,34.29,79.17,186.32,100.0,,,,,,,,,Batter
Azhar Bilakhia,69.0,88.0,5.0,7.0,5.0,0.0,20.0,78.41,13.8,28.99,69.7,105.88,,,,,,,,,Batter
Azhar Mahmood,388.0,311.0,19.0,21.0,39.0,13.0,234.0,124.76,20.42,60.31,91.67,130.85,707.0,537.0,31.0,23.0,7.9,17.32,6.79,9.83,All-rounder
Azmatullah Omarzai,99.0,77.0,8.0,9.0,8.0,5.0,62.0,128.57,12.38,62.63,,145.0,476.0,295.0,12.0,15.0,9.68,24.58,9.73,12.0,Bowler
B Akhil,76.0,57.0,7.0,11.0,5.0,5.0,50.0,133.33,10.86,65.79,,136.11,246.0,188.0,7.0,13.0,7.85,26.86,12.0,11.16,Bowler
B Chipli,280.0,256.0,16.0,21.0,28.0,7.0,154.0,109.38,17.5,55.0,69.62,178.57,20.0,6.0,0.0,1.0,20.0,,,,Batter
B Geeves,,,,,,,,,,,,,91.0,48.0,2.0,2.0,11.38,24.0,12.5,10.0,Bowler
B Indrajith,21.0,31.0,3.0,3.0,2.0,0.0,8.0,67.74,7.0,38.1,67.86,,,,,,,,,,Batter
B Laughlin,5.0,13.0,2.0,4.0,0.0,0.0,0.0,38.46,2.5,0.0,,33.33,284.0,168.0,10.0,9.0,10.14,16.8,10.17,11.83,Bowler
B Sumanth,35.0,38.0,1.0,4.0,3.0,0.0,12.0,92.11,35.0,34.29,,100.0,,,,,,,,,Batter
BA Bhatt,6.0,7.0,0.0,2.0,0.0,1.0,6.0,85.71,6.0,100.0,,85.71,408.0,296.0,13.0,15.0,8.27,22.77,7.25,9.33,Bowler
BAW Mendis,3.0,6.0,2.0,3.0,0.0,0.0,0.0,50.0,1.5,0.0,,50.0,306.0,244.0,9.0,10.0,7.52,27.11,6.93,8.67,Bowler
BB Samantray,125.0,116.0,5.0,8.0,13.0,2.0,64.0,107.76,25.0,51.2,68.18,135.48,,,,,,,,,Batter
BJ Rohrer,193.0,146.0,7.0,8.0,21.0,5.0,114.0,132.19,27.57,59.07,0.0,219.44,12.0,6.0,0.0,1.0,12.0,,,,Batter
BMAJ Mendis,23.0,27.0,3.0,3.0,0.0,0.0,0.0,85.19,7.67,0.0,50.0,,36.0,30.0,1.0,2.0,7.2,30.0,,,Bowler
BR Dunk,40.0,36.0,3.0,3.0,7.0,0.0,28.0,111.11,13.33,70.0,111.11,,,,,,,,,,Batter
BR Sharath,2.0,5.0,1.0,1.0,0.0,0.0,0.0,40.0,2.0,0.0,,,,,,,,,,,Batter
Barinder Sran,10.0,14.0,1.0,7.0,0.0,0.0,0.0,71.43,10.0,0.0,,71.43,767.0,483.0,20.0,24.0,9.53,24.15,9.39,9.72,Bowler
Bartlett,11.0,15.0,1.0,1.0,1.0,0.0,4.0,73.33,11.0,36.36,,100.0,96.0,60.0,2.0,4.0,9.6,30.0,9.0,,Bowler
Basil Thampi,32.0,37.0,2.0,7.0,1.0,1.0,10.0,86.49,16.0,31.25,,90.62,862.0,521.0,26.0,25.0,9.93,20.04,9.52,11.65,Bowler
Ben Cutting,238.0,146.0,11.0,17.0,15.0,19.0,174.0,163.01,21.64,73.11,,171.43,430.0,281.0,12.0,17.0,9.18,23.42,9.71,11.61,All-rounder
Ben Hilfenhaus,,,,,,,,,,,,,497.0,372.0,23.0,17.0,8.02,16.17,6.5,11.44,Bowler
Ben Stokes,935.0,718.0,41.0,43.0,81.0,32.0,516.0,130.22,22.8,55.19,129.03,156.82,1023.0,689.0,31.0,38.0,8.91,22.23,9.35,10.15,All-rounder
Beuran Hendricks,1.0,3.0,1.0,2.0,0.0,0.0,0.0,33.33,1.0,0.0,,33.33,239.0,150.0,11.0,7.0,9.56,13.64,10.8,8.89,Bowler
Bhandage,1.0,4.0,1.0,1.0,0.0,0.0,0.0,25.0,1.0,0.0,,,,,,,,,,,Batter
Bhanuka Rajapaksa,277.0,201.0,12.0,13.0,22.0,15.0,178.0,137.81,23.08,64.26,148.08,75.0,,,,,,,,,Batter
Bhuvneshwar,14.0,26.0,3.0,6.0,1.0,0.0,4.0,53.85,4.67,28.57,,46.15,490.0,318.0,18.0,14.0,9.25,17.67,8.14,10.71,Bowler
Bhuvneshwar Kumar,306.0,338.0,34.0,65.0,30.0,3.0,138.0,90.53,9.0,45.1,,92.72,5051.0,3910.0,195.0,176.0,7.75,20.05,6.57,9.43,Bowler
Billy Stanlake,5.0,2.0,0.0,1.0,1.0,0.0,4.0,250.0,5.0,80.0,,250.0,200.0,144.0,7.0,6.0,8.33,20.57,7.93,11.0,Bowler
Bipul Sharma,187.0,124.0,6.0,17.0,11.0,9.0,98.0,150.81,31.17,52.41,,156.36,581.0,426.0,22.0,28.0,8.18,19.36,6.24,15.18,All-rounder
Brad Haddin,18.0,11.0,1.0,1.0,2.0,1.0,14.0,163.64,18.0,77.78,163.64,,,,,,,,,,Batter
Brad Hodge,1400.0,1153.0,46.0,63.0,122.0,43.0,746.0,121.42,30.43,53.29,87.57,157.4,310.0,234.0,18.0,20.0,7.95,13.0,9.33,7.67,Batter
Brad Hogg,22.0,22.0,2.0,4.0,1.0,0.0,4.0,100.0,11.0,18.18,,100.0,585.0,458.0,25.0,21.0,7.66,18.32,6.75,7.89,Bowler
Breetzke,14.0,12.0,1.0,1.0,1.0,1.0,10.0,116.67,14.0,71.43,116.67,,,,,,,,,,Batter
Brendon McCullum,2882.0,2272.0,106.0,109.0,293.0,130.0,1952.0,126.85,27.19,67.73,121.83,181.0,,,,,,,,,Batter
Brett Lee,124.0,102.0,10.0,19.0,8.0,8.0,80.0,121.57,12.4,64.52,,121.74,1126.0,875.0,30.0,38.0,7.72,29.17,7.16,8.97,Bowler
C Ganapathy,,,,,,,,,,,,,13.0,6.0,0.0,1.0,13.0,,,,Bowler
C Madan,15.0,21.0,1.0,1.0,3.0,0.0,12.0,71.43,15.0,80.0,71.43,,,,,,,,,,Batter
C Nanda,0.0,1.0,1.0,1.0,0.0,0.0,0.0,0.0,0.0,0.0,,0.0,58.0,48.0,2.0,3.0,7.25,24.0,,8.0,Bowler
CJ Dala,,,,,,,,,,,,,34.0,18.0,0.0,1.0,11.33,,17.0,,Bowler
CJ Ferguson,98.0,119.0,6.0,8.0,9.0,0.0,36.0,82.35,16.33,36.73,70.83,95.83,,,,,,,,,Batter
CJ Green,,,,,,,,,,,,,24.0,17.0,0.0,1.0,8.47,,8.0,9.6,Bowler
CJ McKay,8.0,15.0,1.0,1.0,0.0,0.0,0.0,53.33,8.0,0.0,,,60.0,42.0,1.0,2.0,8.57,42.0,13.0,10.0,Bowler
CK Kapugedera,16.0,24.0,3.0,3.0,0.0,0.0,0.0,66.67,5.33,0.0,,71.43,49.0,17.0,0.0,3.0,17.29,,,15.0,Batter
CK Langeveldt,8.0,9.0,2.0,2.0,0.0,1.0,6.0,88.89,4.0,75.0,,140.0,199.0,156.0,13.0,7.0,7.65,12.0,7.07,7.88,Bowler
CM Gautam,169.0,158.0,9.0,13.0,17.0,6.0,104.0,106.96,18.78,61.54,106.25,122.22,,,,,,,,,WK-Batter
CRD Fernando,4.0,3.0,1.0,2.0,0.0,0.0,0.0,133.33,4.0,0.0,,133.33,306.0,234.0,19.0,10.0,7.85,12.32,6.92,9.43,Bowler
Cameron Green,707.0,472.0,20.0,28.0,62.0,32.0,440.0,149.79,35.35,62.23,158.06,192.45,675.0,439.0,20.0,29.0,9.23,21.95,8.94,12.0,All-rounder
Cameron White,971.0,774.0,35.0,45.0,76.0,38.0,532.0,125.45,27.74,54.79,89.17,182.41,86.0,42.0,1.0,6.0,12.29,42.0,,,Batter
Carlos Brathwaite,181.0,120.0,14.0,14.0,10.0,16.0,136.0,150.83,12.93,75.14,,184.71,384.0,254.0,16.0,16.0,9.07,15.88,7.5,10.18,All-rounder
Chaminda Vaas,81.0,73.0,7.0,11.0,2.0,3.0,26.0,110.96,11.57,32.1,,111.32,364.0,282.0,22.0,13.0,7.74,12.82,6.39,12.0,Bowler
Chetan Sakariya,20.0,31.0,5.0,7.0,3.0,0.0,12.0,64.52,4.0,60.0,,70.37,649.0,445.0,20.0,20.0,8.75,22.25,6.84,11.29,Bowler
Cheteshwar Pujara,390.0,403.0,18.0,22.0,50.0,4.0,224.0,96.77,21.67,57.44,91.1,109.3,,,,,,,,,Batter
Chris Gayle,4997.0,3516.0,128.0,141.0,408.0,359.0,3786.0,142.12,39.04,75.77,129.93,191.12,755.0,554.0,19.0,38.0,8.18,29.16,8.45,9.24,Batter
Chris Jordan,81.0,81.0,9.0,12.0,3.0,3.0,30.0,100.0,9.0,37.04,,106.67,1111.0,674.0,36.0,34.0,9.89,18.72,9.72,11.7,Bowler
Chris Lynn,1329.0,974.0,39.0,42.0,132.0,66.0,924.0,136.45,34.08,69.53,140.87,100.0,,,,,,,,,Batter
Chris Morris,618.0,413.0,29.0,49.0,41.0,35.0,374.0,149.64,21.31,60.52,242.86,160.45,2377.0,1726.0,107.0,81.0,8.26,16.13,7.89,8.91,Bowler
Chris Woakes,78.0,77.0,5.0,12.0,7.0,2.0,40.0,101.3,15.6,51.28,,112.5,674.0,440.0,31.0,21.0,9.19,14.19,9.22,11.01,Bowler
Colin Ingram,205.0,183.0,12.0,15.0,22.0,5.0,118.0,112.02,17.08,57.56,77.78,146.51,,,,,,,,,Batter
Colin Munro,177.0,144.0,9.0,11.0,19.0,8.0,124.0,122.92,19.67,70.06,142.39,66.67,15.0,12.0,0.0,2.0,7.5,,,,Batter
Colin de Grandhomme,303.0,229.0,15.0,21.0,18.0,18.0,180.0,132.31,20.2,59.41,50.0,136.75,323.0,216.0,7.0,19.0,8.97,30.86,6.5,12.86,All-rounder
Corbin Bosch,47.0,32.0,2.0,2.0,3.0,3.0,30.0,146.88,23.5,63.83,,166.67,56.0,45.0,1.0,2.0,7.47,45.0,11.0,3.86,Bowler
Corey Anderson,538.0,436.0,22.0,29.0,40.0,31.0,346.0,123.39,24.45,64.31,81.25,159.09,525.0,297.0,14.0,22.0,10.61,21.21,10.23,13.7,All-rounder
D Kalyankrishna,3.0,8.0,1.0,1.0,0.0,0.0,0.0,37.5,3.0,0.0,,37.5,88.0,48.0,2.0,3.0,11.0,24.0,,17.0,Bowler
D Salunkhe,33.0,24.0,1.0,3.0,5.0,0.0,20.0,137.5,33.0,60.61,,147.06,80.0,47.0,1.0,5.0,10.21,47.0,,7.0,Bowler
D du Preez,10.0,13.0,1.0,1.0,0.0,0.0,0.0,76.92,10.0,0.0,,77.78,56.0,42.0,4.0,2.0,8.0,10.5,4.0,16.0,Bowler
D'Arcy Short,115.0,102.0,7.0,7.0,11.0,5.0,74.0,112.75,16.43,64.35,79.37,,23.0,18.0,1.0,2.0,7.67,18.0,,,Batter
DAJ Bracewell,12.0,9.0,0.0,1.0,1.0,0.0,4.0,133.33,12.0,33.33,,133.33,32.0,24.0,3.0,1.0,8.0,8.0,7.0,10.0,Bowler
DB Das,304.0,267.0,12.0,22.0,23.0,16.0,188.0,113.86,25.33,61.84,105.45,117.0,,,,,,,,,Batter
DB Ravi Teja,375.0,325.0,20.0,25.0,35.0,9.0,194.0,115.38,18.75,51.73,88.33,134.13,28.0,18.0,1.0,2.0,9.33,18.0,,,Batter
DG Nalkande,12.0,12.0,2.0,2.0,0.0,1.0,6.0,100.0,6.0,50.0,,0.0,150.0,84.0,6.0,6.0,10.71,14.0,11.0,10.33,Bowler
DH Yagnik,170.0,142.0,9.0,17.0,23.0,2.0,104.0,119.72,18.89,61.18,,123.08,,,,,,,,,WK-Batter
DJ Harris,111.0,103.0,3.0,4.0,11.0,5.0,74.0,107.77,37.0,66.67,86.36,,26.0,18.0,0.0,2.0,8.67,,,10.0,Batter
DJ Jacobs,92.0,101.0,7.0,7.0,10.0,4.0,64.0,91.09,13.14,69.57,89.25,,,,,,,,,,WK-Batter
DJ Muthuswami,1.0,3.0,1.0,1.0,0.0,0.0,0.0,33.33,1.0,0.0,,33.33,108.0,84.0,4.0,6.0,7.71,21.0,8.25,1.0,Bowler
DJ Thornely,39.0,54.0,3.0,4.0,2.0,2.0,20.0,72.22,13.0,51.28,19.05,,40.0,42.0,3.0,4.0,5.71,14.0,,,Batter
DNT Zoysa,11.0,9.0,1.0,2.0,1.0,0.0,4.0,122.22,11.0,36.36,,125.0,100.0,66.0,2.0,3.0,9.09,33.0,7.5,11.33,Bowler
DP Vijaykumar,1.0,1.0,0.0,1.0,0.0,0.0,0.0,100.0,1.0,0.0,,100.0,205.0,152.0,4.0,9.0,8.09,38.0,7.41,12.69,Bowler
DPMD Jayawardene,1808.0,1522.0,64.0,78.0,200.0,40.0,1040.0,118.79,28.25,57.52,117.27,152.03,,,,,,,,,Batter
DR Martyn,19.0,26.0,2.0,1.0,1.0,0.0,4.0,73.08,9.5,21.05,33.33,125.0,,,,,,,,,Batter
DR Sams,44.0,48.0,10.0,13.0,1.0,3.0,22.0,91.67,4.4,50.0,14.29,103.85,528.0,360.0,15.0,16.0,8.8,24.0,7.13,13.73,Bowler
DR Shorey,13.0,20.0,2.0,2.0,0.0,1.0,6.0,65.0,6.5,46.15,,,,,,,,,,,Batter
DS Lehmann,18.0,19.0,2.0,2.0,3.0,0.0,12.0,94.74,9.0,66.67,133.33,,,,,,,,,,Batter
DT Patil,13.0,13.0,1.0,2.0,1.0,0.0,4.0,100.0,13.0,30.77,,400.0,,,,,,,,,Batter
Dale Steyn,167.0,163.0,22.0,33.0,14.0,3.0,74.0,102.45,7.59,44.31,,105.84,2583.0,2182.0,105.0,95.0,7.1,20.78,6.47,8.47,Bowler
Dan Christian,460.0,408.0,28.0,41.0,23.0,19.0,206.0,112.75,16.43,44.78,37.5,134.93,1218.0,883.0,40.0,49.0,8.28,22.08,8.53,10.81,All-rounder
Daniel Vettori,121.0,118.0,7.0,16.0,11.0,2.0,56.0,102.54,17.29,46.28,,119.35,894.0,777.0,34.0,34.0,6.9,22.85,6.53,8.11,Bowler
Darren Bravo,6.0,5.0,0.0,1.0,1.0,0.0,4.0,120.0,6.0,66.67,,120.0,,,,,,,,,Batter
Darren Sammy,295.0,251.0,15.0,20.0,15.0,18.0,168.0,117.53,19.67,56.95,133.33,134.65,354.0,236.0,14.0,19.0,9.0,16.86,8.5,13.44,All-rounder
Daryl Mitchell,351.0,274.0,13.0,15.0,28.0,10.0,172.0,128.1,27.0,49.0,121.25,115.0,97.0,48.0,1.0,4.0,12.12,48.0,,,Batter
David Hussey,1322.0,1101.0,49.0,61.0,90.0,60.0,720.0,120.07,26.98,54.46,112.61,175.21,485.0,317.0,10.0,26.0,9.18,31.7,9.67,13.25,All-rounder
David Miller,3077.0,2295.0,89.0,133.0,220.0,138.0,1708.0,134.07,34.57,55.51,85.22,164.4,,,,,,,,,Batter
David Warner,6567.0,4849.0,164.0,184.0,663.0,236.0,4068.0,135.43,40.04,61.95,132.67,173.0,2.0,1.0,0.0,1.0,12.0,,,,Batter
David Wiese,148.0,105.0,6.0,11.0,12.0,7.0,90.0,140.95,24.67,60.81,,156.25,447.0,296.0,17.0,15.0,9.06,17.41,7.25,10.45,Bowler
David Willey,53.0,64.0,3.0,5.0,7.0,0.0,28.0,82.81,17.67,52.83,50.0,109.09,277.0,216.0,7.0,11.0,7.69,30.86,6.74,10.67,Bowler
Dawid Malan,26.0,26.0,1.0,1.0,1.0,1.0,10.0,100.0,26.0,38.46,50.0,,,,,,,,,,Batter
Deepak Chahar,80.0,61.0,7.0,12.0,2.0,6.0,44.0,131.15,11.43,55.0,,96.15,2243.0,1669.0,79.0,81.0,8.06,21.13,7.96,9.31,Bowler
Deepak Hooda,1497.0,1213.0,82.0,101.0,98.0,62.0,764.0,123.41,18.26,51.04,98.2,137.06,550.0,380.0,10.0,34.0,8.68,38.0,8.0,13.26,All-rounder
Devdutt Padikkal,1806.0,1496.0,72.0,74.0,192.0,56.0,1104.0,120.72,25.08,61.13,119.28,135.29,,,,,,,,,Batter
Devon Conway,1080.0,794.0,25.0,28.0,117.0,34.0,672.0,136.02,43.2,62.22,123.14,145.45,,,,,,,,,Batter
Dewald Brevis,455.0,304.0,16.0,16.0,30.0,33.0,318.0,149.67,28.44,69.89,115.07,250.0,8.0,3.0,1.0,1.0,16.0,3.0,,16.0,Batter
Dhawal Kulkarni,104.0,113.0,9.0,20.0,7.0,2.0,40.0,92.04,11.56,38.46,,96.12,2513.0,1787.0,91.0,92.0,8.44,19.64,7.61,10.4,Bowler
Dhruv Jurel,680.0,456.0,22.0,35.0,51.0,38.0,432.0,149.12,30.91,63.53,176.92,171.55,,,,,,,,,Batter
Digvesh Rathi,1.0,4.0,1.0,1.0,0.0,0.0,0.0,25.0,1.0,0.0,,25.0,435.0,321.0,14.0,13.0,8.13,22.93,8.17,9.33,Bowler
Dimitri Mascarenhas,79.0,79.0,10.0,11.0,5.0,1.0,26.0,100.0,7.9,32.91,200.0,119.51,365.0,308.0,19.0,13.0,7.11,16.21,7.36,9.69,Bowler
Dinesh Karthik,4843.0,3687.0,189.0,233.0,466.0,161.0,2830.0,131.35,25.62,58.43,95.89,165.42,,,,,,,,,Batter
Dirk Nannes,4.0,13.0,1.0,2.0,0.0,0.0,0.0,30.77,4.0,0.0,,22.22,815.0,646.0,38.0,29.0,7.57,17.0,6.61,9.03,Bowler
Donovan Ferreira,9.0,14.0,3.0,3.0,0.0,0.0,0.0,64.29,3.0,0.0,,72.73,,,,,,,,,Batter
Doug Bollinger,21.0,23.0,1.0,4.0,1.0,1.0,10.0,91.3,21.0,47.62,,91.3,716.0,576.0,43.0,27.0,7.46,13.4,7.48,7.62,Bowler
Duan Jansen,,,,,,,,,,,,,53.0,24.0,1.0,1.0,13.25,24.0,16.0,12.0,Bowler
Dushmantha Chameera,53.0,46.0,3.0,10.0,3.0,3.0,30.0,115.22,17.67,56.6,,115.56,612.0,379.0,15.0,18.0,9.69,25.27,9.46,11.09,Bowler
Dwaine Pretorius,44.0,28.0,4.0,5.0,3.0,3.0,30.0,157.14,11.0,68.18,,157.14,242.0,150.0,7.0,7.0,9.68,21.43,,12.42,Bowler
Dwayne Bravo,1560.0,1247.0,69.0,110.0,120.0,66.0,876.0,125.1,22.61,56.15,106.03,167.71,4436.0,3120.0,207.0,158.0,8.53,15.07,8.0,9.52,All-rounder
Dwayne Smith,2385.0,1803.0,81.0,88.0,245.0,117.0,1682.0,132.28,29.44,70.52,120.94,147.37,825.0,539.0,27.0,46.0,9.18,19.96,11.18,13.35,All-rounder
ER Dwivedi,24.0,15.0,2.0,2.0,2.0,2.0,20.0,160.0,12.0,83.33,83.33,211.11,,,,,,,,,Batter
Eoin Morgan,1406.0,1181.0,61.0,74.0,112.0,64.0,832.0,119.05,23.05,59.17,88.44,157.32,,,,,,,,,Batter
Eshan Malinga,,,,,,,,,,,,,244.0,165.0,14.0,7.0,8.87,11.79,13.75,9.05,Bowler
Evin Lewis,654.0,499.0,24.0,26.0,62.0,36.0,464.0,131.06,27.25,70.95,140.94,133.33,,,,,,,,,Batter
FY Fazal,183.0,179.0,9.0,11.0,22.0,1.0,94.0,102.23,20.33,51.37,92.68,115.15,20.0,12.0,1.0,2.0,10.0,12.0,,10.0,Batter
Fabian Allen,14.0,19.0,2.0,3.0,1.0,0.0,4.0,73.68,7.0,28.57,,84.62,136.0,90.0,2.0,4.0,9.07,45.0,10.67,,Bowler
Faf du Plessis,4773.0,3605.0,135.0,147.0,440.0,174.0,2804.0,132.4,35.36,58.75,133.16,170.57,16.0,6.0,0.0,1.0,16.0,,,16.0,Batter
Farhaan Behardien,14.0,13.0,2.0,3.0,2.0,0.0,8.0,107.69,7.0,57.14,,116.67,,,,,,,,,Batter
Fazalhaq Farooqi,5.0,15.0,0.0,3.0,0.0,0.0,0.0,33.33,5.0,0.0,,33.33,440.0,256.0,6.0,12.0,10.31,42.67,8.82,14.88,Bowler
Fidel Edwards,4.0,5.0,1.0,2.0,0.0,0.0,0.0,80.0,4.0,0.0,,80.0,160.0,140.0,6.0,6.0,6.86,23.33,4.69,10.2,Bowler
GC Viljoen,3.0,7.0,2.0,3.0,0.0,0.0,0.0,42.86,1.5,0.0,,42.86,229.0,138.0,8.0,6.0,9.96,17.25,9.17,13.14,Bowler
GHS Garton,2.0,4.0,1.0,2.0,0.0,0.0,0.0,50.0,2.0,0.0,,50.0,136.0,90.0,3.0,5.0,9.07,30.0,10.8,5.67,Bowler
GR Napier,15.0,16.0,1.0,1.0,1.0,0.0,4.0,93.75,15.0,26.67,,125.0,28.0,24.0,1.0,1.0,7.0,24.0,3.0,,Bowler
GS Sandhu,,,,,,,,,,,,,86.0,48.0,1.0,2.0,10.75,48.0,7.0,12.5,Bowler
Gagandeep Singh,,,,,,,,,,,,,142.0,84.0,3.0,4.0,10.14,28.0,7.0,16.0,Bowler
Gautam Gambhir,4217.0,3524.0,135.0,151.0,492.0,59.0,2322.0,119.67,31.24,55.06,117.07,139.9,,,,,,,,,Batter
George Bailey,663.0,552.0,29.0,36.0,59.0,19.0,350.0,120.11,22.86,52.79,100.0,172.11,,,,,,,,,Batter
Gerald Coetzee,31.0,33.0,6.0,7.0,2.0,2.0,20.0,93.94,5.17,64.52,,95.83,489.0,276.0,15.0,14.0,10.63,18.4,10.91,10.71,Bowler
Glenn Maxwell,2820.0,1894.0,117.0,134.0,238.0,161.0,1918.0,148.89,24.1,68.01,136.16,172.44,1422.0,1026.0,45.0,85.0,8.32,22.8,8.71,9.19,All-rounder
Glenn McGrath,4.0,5.0,1.0,2.0,1.0,0.0,4.0,80.0,4.0,100.0,,80.0,366.0,324.0,14.0,14.0,6.78,23.14,5.89,9.23,Bowler
Glenn Phillips,65.0,55.0,7.0,8.0,3.0,6.0,48.0,118.18,9.29,73.85,0.0,195.65,40.0,30.0,2.0,4.0,8.0,15.0,4.0,,Batter
Graeme Smith,739.0,691.0,30.0,29.0,94.0,9.0,430.0,106.95,24.63,58.19,93.27,160.98,,,,,,,,,Batter
Gulbadin Naib,19.0,15.0,1.0,1.0,1.0,1.0,10.0,126.67,19.0,52.63,,150.0,12.0,6.0,0.0,1.0,12.0,,,,Batter
Gurkeerat Singh,511.0,436.0,27.0,32.0,55.0,11.0,286.0,117.2,18.93,55.97,89.74,149.4,97.0,78.0,5.0,6.0,7.46,15.6,9.5,,WK-Batter
Gurnoor Brar,,,,,,,,,,,,,42.0,18.0,0.0,1.0,14.0,,9.0,,Bowler
H Das,2.0,5.0,1.0,1.0,0.0,0.0,0.0,40.0,2.0,0.0,,40.0,,,,,,,,,Batter
H Sharma,,,,,,,,,,,,,62.0,30.0,0.0,2.0,12.4,,,,Bowler
Hanuma Vihari,284.0,331.0,20.0,23.0,23.0,1.0,98.0,85.8,14.2,34.51,64.13,114.29,48.0,42.0,1.0,6.0,6.86,42.0,8.5,,Batter
Harbhajan Singh,833.0,636.0,56.0,88.0,79.0,42.0,568.0,130.97,14.88,68.19,114.81,143.78,4101.0,3416.0,161.0,160.0,7.2,21.22,7.2,8.4,Bowler
Hardik Pandya,2758.0,1960.0,99.0,140.0,207.0,150.0,1728.0,140.71,27.86,62.65,92.86,161.76,2538.0,1644.0,84.0,107.0,9.26,19.57,9.39,11.79,All-rounder
Harmeet Singh,18.0,12.0,2.0,4.0,3.0,0.0,12.0,150.0,9.0,66.67,,150.0,747.0,549.0,31.0,28.0,8.16,17.71,9.19,8.28,Bowler
Harpreet Brar,244.0,214.0,13.0,26.0,19.0,10.0,136.0,114.02,18.77,55.74,,127.5,1097.0,813.0,35.0,46.0,8.1,23.23,10.17,10.8,All-rounder
Harpreet Singh,123.0,119.0,6.0,8.0,10.0,3.0,58.0,103.36,20.5,47.15,103.45,131.58,,,,,,,,,Batter
Harry Brook,190.0,159.0,9.0,11.0,23.0,4.0,116.0,119.5,21.11,61.05,110.34,133.33,,,,,,,,,Batter
Harry Gurney,1.0,5.0,0.0,1.0,0.0,0.0,0.0,20.0,1.0,0.0,,20.0,239.0,162.0,7.0,8.0,8.85,23.14,6.0,12.33,Bowler
Harsh Dubey,,,,,,,,,,,,,98.0,61.0,5.0,3.0,9.64,12.2,11.54,,Bowler
Harshal Patel,270.0,241.0,28.0,41.0,16.0,15.0,154.0,112.03,9.64,57.04,,125.31,3647.0,2446.0,168.0,116.0,8.95,14.56,9.18,10.12,Bowler
Harshit Rana,59.0,57.0,7.0,10.0,5.0,3.0,38.0,103.51,8.43,64.41,,85.71,1047.0,661.0,42.0,32.0,9.5,15.74,9.65,9.58,Bowler
Hasaranga,9.0,15.0,5.0,5.0,0.0,0.0,0.0,60.0,1.8,0.0,,25.0,376.0,251.0,11.0,11.0,8.99,22.82,,9.75,Bowler
Hashim Amla,577.0,418.0,13.0,16.0,60.0,21.0,366.0,138.04,44.38,63.43,126.7,225.93,,,,,,,,,Batter
Head,374.0,247.0,13.0,12.0,50.0,15.0,290.0,151.42,28.77,77.54,152.63,,,,,,,,,,Batter
Heinrich Klaasen,1480.0,906.0,36.0,45.0,98.0,89.0,926.0,163.36,41.11,62.57,141.27,189.38,,,,,,,,,Batter
Herschelle Gibbs,886.0,837.0,32.0,36.0,83.0,31.0,518.0,105.85,27.69,58.47,102.29,156.52,,,,,,,,,Batter
Hrithik Shokeen,66.0,67.0,3.0,5.0,9.0,0.0,36.0,98.51,22.0,54.55,20.0,121.05,320.0,204.0,5.0,13.0,9.41,40.8,7.44,24.0,Bowler
I Malhotra,7.0,4.0,0.0,1.0,1.0,0.0,4.0,175.0,7.0,57.14,,175.0,23.0,6.0,0.0,1.0,23.0,,,,Bowler
IC Porel,,,,,,,,,,,,,42.0,24.0,1.0,1.0,10.5,24.0,13.0,,Bowler
IR Jaggi,76.0,100.0,5.0,7.0,6.0,0.0,24.0,76.0,15.2,31.58,67.57,86.67,,,,,,,,,Batter
Imran Tahir,33.0,37.0,4.0,8.0,5.0,0.0,20.0,89.19,8.25,60.61,,93.55,1729.0,1316.0,86.0,59.0,7.88,15.3,9.44,9.21,Bowler
Iqbal Abdulla,88.0,86.0,1.0,13.0,9.0,1.0,42.0,102.33,88.0,47.73,,114.75,1125.0,920.0,45.0,48.0,7.34,20.44,6.37,8.77,Bowler
Irfan Pathan,1150.0,985.0,53.0,82.0,88.0,38.0,580.0,116.75,21.7,50.43,133.33,142.58,2711.0,2043.0,99.0,101.0,7.96,20.64,7.22,9.52,All-rounder
Ish Sodhi,7.0,18.0,2.0,2.0,0.0,0.0,0.0,38.89,3.5,0.0,,45.45,204.0,181.0,9.0,8.0,6.76,20.11,8.5,6.86,Bowler
Ishan Kishan,2998.0,2236.0,101.0,112.0,288.0,134.0,1956.0,134.08,29.68,65.24,129.68,180.61,4.0,1.0,0.0,1.0,24.0,,,24.0,WK-Batter
Ishant,,,,,,,,,,,,,209.0,116.0,4.0,7.0,10.81,29.0,11.06,10.22,Bowler
Ishant Sharma,57.0,71.0,7.0,21.0,4.0,2.0,28.0,80.28,8.14,49.12,,78.95,3255.0,2309.0,96.0,110.0,8.46,24.05,7.52,11.25,Bowler
Ishwar Pandey,0.0,2.0,1.0,1.0,0.0,0.0,0.0,0.0,0.0,0.0,,0.0,609.0,462.0,19.0,24.0,7.91,24.32,7.09,11.17,Bowler
Isuru Udana,15.0,11.0,3.0,4.0,1.0,1.0,10.0,136.36,5.0,66.67,,136.36,286.0,174.0,8.0,10.0,9.86,21.75,11.56,9.5,Bowler
J Arunkumar,23.0,24.0,3.0,3.0,5.0,0.0,20.0,95.83,7.67,86.96,95.83,,,,,,,,,,Batter
J Suchith,70.0,62.0,4.0,9.0,6.0,3.0,42.0,112.9,17.5,60.0,,175.0,604.0,420.0,20.0,21.0,8.63,21.0,8.67,13.5,Bowler
J Syed Mohammad,29.0,27.0,2.0,5.0,4.0,0.0,16.0,107.41,14.5,55.17,,125.0,286.0,192.0,10.0,11.0,8.94,19.2,4.67,11.0,Bowler
J Theron,10.0,13.0,2.0,4.0,1.0,0.0,4.0,76.92,5.0,40.0,,76.92,311.0,221.0,13.0,10.0,8.44,17.0,9.42,8.94,Bowler
JDP Oram,106.0,110.0,8.0,11.0,6.0,5.0,54.0,96.36,13.25,50.94,,121.57,362.0,237.0,13.0,14.0,9.16,18.23,9.61,8.88,Bowler
JE Taylor,3.0,4.0,0.0,2.0,0.0,0.0,0.0,75.0,3.0,0.0,,75.0,167.0,117.0,6.0,5.0,8.56,19.5,6.38,11.29,Bowler
JJ van der Wath,18.0,17.0,2.0,3.0,1.0,1.0,10.0,105.88,9.0,55.56,,116.67,134.0,72.0,3.0,3.0,11.17,24.0,8.2,12.25,Bowler
JL Denly,0.0,1.0,1.0,1.0,0.0,0.0,0.0,0.0,0.0,0.0,0.0,,,,,,,,,,Batter
JM Kemp,26.0,25.0,2.0,2.0,1.0,1.0,10.0,104.0,13.0,38.46,66.67,44.44,58.0,44.0,3.0,5.0,7.91,14.67,,6.0,Bowler
JM Sharma,730.0,501.0,32.0,36.0,53.0,45.0,482.0,145.71,22.81,66.03,68.75,176.0,,,,,,,,,WK-Batter
JP Duminy,2029.0,1680.0,49.0,75.0,126.0,79.0,978.0,120.77,41.41,48.2,94.0,166.42,847.0,678.0,23.0,49.0,7.5,29.48,7.67,9.67,All-rounder
JPR Scantlebury-Searles,8.0,6.0,1.0,2.0,0.0,1.0,6.0,133.33,8.0,75.0,,133.33,89.0,42.0,2.0,3.0,12.71,21.0,13.0,20.0,Bowler
JR Hopes,417.0,314.0,17.0,19.0,49.0,11.0,262.0,132.8,24.53,62.83,121.01,136.96,562.0,360.0,14.0,20.0,9.37,25.71,8.67,12.0,All-rounder
JW Hastings,,,,,,,,,,,,,66.0,58.0,3.0,3.0,6.83,19.33,8.33,5.4,Bowler
Jacob Bethell,67.0,39.0,2.0,2.0,9.0,3.0,54.0,171.79,33.5,80.6,186.21,,,,,,,,,,Batter
Jacques Kallis,2427.0,2291.0,89.0,95.0,255.0,44.0,1284.0,105.94,27.27,52.9,101.17,170.56,2348.0,1742.0,74.0,89.0,8.09,23.54,7.44,10.28,All-rounder
Jake Fraser-McGurk,385.0,203.0,14.0,15.0,39.0,30.0,336.0,189.66,27.5,87.27,197.35,,,,,,,,,,Batter
Jalaj S Saxena,,,,,,,,,,,,,27.0,18.0,0.0,1.0,9.0,,10.0,,Bowler
James Faulkner,527.0,406.0,28.0,45.0,36.0,23.0,282.0,129.8,18.82,53.51,70.0,149.32,1849.0,1238.0,76.0,60.0,8.96,16.29,8.02,10.3,All-rounder
James Franklin,327.0,309.0,11.0,16.0,25.0,9.0,154.0,105.83,29.73,47.09,82.29,138.57,225.0,151.0,9.0,15.0,8.94,16.78,10.0,10.5,All-rounder
James Pattinson,15.0,13.0,1.0,2.0,2.0,0.0,8.0,115.38,15.0,53.33,,115.38,321.0,213.0,11.0,10.0,9.04,19.36,8.76,9.23,Bowler
Jamie Overton,15.0,7.0,0.0,2.0,1.0,1.0,10.0,214.29,15.0,66.67,,214.29,83.0,40.0,0.0,3.0,12.45,,12.43,,Bowler
Jaskaran Singh,8.0,11.0,2.0,4.0,0.0,0.0,0.0,72.73,4.0,0.0,,77.78,174.0,102.0,6.0,7.0,10.24,17.0,7.57,15.0,Bowler
Jason Behrendorff,6.0,9.0,0.0,2.0,0.0,0.0,0.0,66.67,6.0,0.0,,66.67,563.0,366.0,22.0,17.0,9.23,16.64,8.42,12.7,Bowler
Jason Holder,259.0,217.0,21.0,27.0,13.0,18.0,160.0,119.35,12.33,61.78,66.67,126.09,1489.0,995.0,59.0,46.0,8.98,16.86,8.95,9.99,Bowler
Jason Roy,614.0,460.0,19.0,21.0,75.0,21.0,426.0,133.48,32.32,69.38,126.25,178.26,,,,,,,,,Batter
Jasprit Bumrah,68.0,81.0,8.0,27.0,5.0,1.0,26.0,83.95,8.5,38.24,,82.89,4162.0,3364.0,203.0,145.0,7.42,16.57,6.87,8.39,Bowler
Jayant Yadav,40.0,38.0,2.0,4.0,2.0,1.0,14.0,105.26,20.0,35.0,,106.9,447.0,390.0,9.0,20.0,6.88,43.33,7.59,7.33,Bowler
Jaydev Unadkat,197.0,170.0,14.0,27.0,16.0,7.0,106.0,115.88,14.07,53.81,,122.54,3396.0,2277.0,121.0,111.0,8.95,18.82,7.75,11.08,Bowler
Jesse Ryder,604.0,466.0,29.0,29.0,69.0,19.0,390.0,129.61,20.83,64.57,131.74,160.71,314.0,236.0,11.0,16.0,7.98,21.45,7.0,12.92,All-rounder
Jhye Richardson,17.0,27.0,3.0,3.0,2.0,0.0,8.0,62.96,5.67,47.06,,50.0,162.0,90.0,3.0,4.0,10.8,30.0,10.8,13.0,Bowler
Jimmy Neesham,92.0,93.0,8.0,10.0,6.0,2.0,36.0,98.92,11.5,39.13,,89.36,342.0,216.0,8.0,13.0,9.5,27.0,11.17,20.0,Bowler
Jitesh Sharma,261.0,155.0,7.0,11.0,24.0,17.0,198.0,168.39,37.29,75.86,28.57,183.91,,,,,,,,,WK-Batter
Joe Root,10.0,15.0,1.0,1.0,1.0,0.0,4.0,66.67,10.0,40.0,66.67,,15.0,12.0,0.0,1.0,7.5,,,,Batter
Jofra Archer,262.0,183.0,18.0,30.0,14.0,18.0,164.0,143.17,14.56,62.6,0.0,153.9,1654.0,1238.0,61.0,52.0,8.02,20.3,6.52,10.14,Bowler
Joginder Sharma,36.0,30.0,4.0,5.0,1.0,2.0,16.0,120.0,9.0,44.44,,128.57,421.0,256.0,13.0,15.0,9.87,19.69,12.0,12.23,Bowler
Johan Botha,409.0,364.0,22.0,28.0,39.0,5.0,186.0,112.36,18.59,45.48,83.33,129.27,818.0,694.0,27.0,34.0,7.07,25.7,7.97,7.81,All-rounder
Jonny Bairstow,1674.0,1181.0,50.0,52.0,173.0,74.0,1136.0,141.74,33.48,67.86,145.9,131.58,,,,,,,,,Batter
Jos Buttler,4121.0,2856.0,106.0,119.0,408.0,185.0,2742.0,144.29,38.88,66.54,134.93,186.45,,,,,,,,,Batter
Josh Hazlewood,19.0,30.0,0.0,7.0,1.0,0.0,4.0,63.33,19.0,21.05,,89.47,1219.0,873.0,58.0,39.0,8.38,15.05,7.45,10.3,Bowler
Josh Inglis,278.0,177.0,10.0,11.0,26.0,16.0,200.0,157.06,27.8,71.94,162.03,147.37,,,,,,,,,WK-Batter
Josh Little,,,,,,,,,,,,,341.0,228.0,13.0,11.0,8.97,17.54,9.38,10.0,Bowler
Josh Philippe,78.0,80.0,4.0,5.0,9.0,1.0,42.0,97.5,19.5,53.85,89.47,50.0,,,,,,,,,Batter
K Goel,218.0,239.0,14.0,16.0,17.0,9.0,122.0,91.21,15.57,55.96,96.39,96.77,94.0,66.0,0.0,6.0,8.55,,,,Batter
K Kartikeya,12.0,18.0,3.0,4.0,1.0,0.0,4.0,66.67,4.0,33.33,,71.43,412.0,283.0,12.0,16.0,8.73,23.58,16.0,12.25,Bowler
K Khejroliya,,,,,,,,,,,,,250.0,140.0,6.0,8.0,10.71,23.33,12.8,12.97,Bowler
K Santokie,,,,,,,,,,,,,91.0,48.0,3.0,2.0,11.38,16.0,10.33,13.75,Bowler
K Upadhyay,12.0,9.0,0.0,2.0,0.0,1.0,6.0,133.33,12.0,50.0,,133.33,81.0,54.0,0.0,3.0,9.0,,9.83,,Bowler
K Yadav,0.0,4.0,0.0,1.0,0.0,0.0,0.0,0.0,0.0,0.0,,0.0,85.0,54.0,2.0,3.0,9.44,27.0,8.67,14.0,Bowler
KB Arun Karthik,51.0,53.0,5.0,8.0,4.0,1.0,22.0,96.23,10.2,43.14,,83.33,,,,,,,,,WK-Batter
KC Cariappa,24.0,21.0,3.0,5.0,0.0,2.0,12.0,114.29,8.0,50.0,,92.31,349.0,216.0,8.0,11.0,9.69,27.0,10.83,8.0,Bowler
KK Cooper,116.0,70.0,9.0,12.0,9.0,8.0,84.0,165.71,12.89,72.41,350.0,179.55,789.0,576.0,36.0,25.0,8.22,16.0,7.19,9.14,Bowler
KL Rahul,5235.0,3947.0,115.0,135.0,453.0,208.0,3060.0,132.63,45.52,58.45,123.93,167.8,,,,,,,,,WK-Batter
KM Asif,0.0,2.0,1.0,1.0,0.0,0.0,0.0,0.0,0.0,0.0,,,232.0,134.0,7.0,7.0,10.39,19.14,10.14,15.0,Bowler
KP Appanna,2.0,4.0,1.0,3.0,0.0,0.0,0.0,50.0,2.0,0.0,,50.0,291.0,216.0,11.0,13.0,8.08,19.64,9.33,13.0,Bowler
KR Sen,0.0,3.0,0.0,1.0,0.0,0.0,0.0,0.0,0.0,0.0,,0.0,396.0,241.0,14.0,12.0,9.86,17.21,9.43,13.57,Bowler
KS Bharat,199.0,168.0,7.0,8.0,12.0,8.0,96.0,118.45,28.43,48.24,106.56,152.38,,,,,,,,,WK-Batter
KS Rathore,0.0,5.0,1.0,1.0,0.0,0.0,0.0,0.0,0.0,0.0,0.0,,,,,,,,,,Batter
KS Sharma,16.0,25.0,3.0,3.0,1.0,0.0,4.0,64.0,5.33,25.0,66.67,,,,,,,,,,Batter
Kagiso Rabada,215.0,216.0,18.0,30.0,16.0,9.0,118.0,99.54,11.94,54.88,25.0,109.52,2815.0,1916.0,128.0,84.0,8.82,14.97,8.59,10.01,Bowler
Kamindu Mendis,93.0,73.0,4.0,5.0,7.0,2.0,40.0,127.4,23.25,43.01,55.56,100.0,60.0,42.0,2.0,4.0,8.57,21.0,,,Batter
Kamlesh Nagarkoti,22.0,34.0,4.0,7.0,1.0,0.0,4.0,64.71,5.5,18.18,,76.19,287.0,180.0,5.0,11.0,9.57,36.0,9.0,11.6,Bowler
Kamran Akmal,128.0,78.0,4.0,6.0,13.0,8.0,100.0,164.1,32.0,78.12,124.39,152.94,,,,,,,,,WK-Batter
Kamran Khan,3.0,5.0,1.0,1.0,0.0,0.0,0.0,60.0,3.0,0.0,,0.0,248.0,166.0,14.0,9.0,8.96,11.86,9.5,10.41,Bowler
Kane Richardson,36.0,39.0,3.0,4.0,2.0,1.0,14.0,92.31,12.0,38.89,,80.95,479.0,335.0,21.0,15.0,8.58,15.95,7.0,10.94,Bowler
Kane Williamson,2132.0,1734.0,59.0,76.0,187.0,64.0,1132.0,122.95,36.14,53.1,97.97,160.28,31.0,18.0,0.0,2.0,10.33,,7.0,,Batter
Karanveer Singh,12.0,17.0,1.0,4.0,1.0,0.0,4.0,70.59,12.0,33.33,,80.0,323.0,204.0,14.0,9.0,9.5,14.57,13.0,13.25,Bowler
Karim Janat,,,,,,,,,,,,,30.0,6.0,0.0,1.0,30.0,,,,Bowler
Karn Sharma,352.0,307.0,25.0,40.0,20.0,17.0,182.0,114.66,14.08,51.7,77.78,129.17,2263.0,1586.0,89.0,87.0,8.56,17.82,7.35,10.67,Bowler
Kartik Tyagi,13.0,16.0,4.0,6.0,1.0,0.0,4.0,81.25,3.25,30.77,,81.25,720.0,422.0,16.0,20.0,10.24,26.38,10.96,10.92,Bowler
Karun Nair,1694.0,1313.0,72.0,76.0,185.0,49.0,1034.0,129.02,23.53,61.04,125.36,171.88,,,,,,,,,Batter
Kedar Jadhav,1208.0,1012.0,54.0,81.0,102.0,40.0,648.0,119.37,22.37,53.64,80.72,135.49,,,,,,,,,Batter
Keemo Paul,18.0,26.0,4.0,5.0,1.0,1.0,10.0,69.23,4.5,55.56,,69.23,239.0,163.0,10.0,8.0,8.8,16.3,16.0,9.55,Bowler
Kemar Roach,10.0,9.0,1.0,1.0,1.0,0.0,4.0,111.11,10.0,40.0,,71.43,80.0,48.0,0.0,2.0,10.0,,6.67,14.67,Bowler
Keshav Maharaj,1.0,2.0,1.0,1.0,0.0,0.0,0.0,50.0,1.0,0.0,,50.0,39.0,36.0,2.0,2.0,6.5,18.0,8.0,,Bowler
Kevin Pietersen,1001.0,758.0,29.0,36.0,91.0,40.0,604.0,132.06,34.52,60.34,130.23,175.71,218.0,174.0,9.0,13.0,7.52,19.33,6.67,9.75,Batter
Khaleel Ahmed,2.0,9.0,5.0,6.0,0.0,0.0,0.0,22.22,0.4,0.0,,22.22,2372.0,1566.0,94.0,71.0,9.09,16.66,8.45,10.95,Bowler
Kieron Pollard,3437.0,2447.0,129.0,168.0,221.0,224.0,2228.0,140.46,26.64,64.82,98.15,160.0,2200.0,1488.0,81.0,107.0,8.87,18.37,10.17,10.91,All-rounder
Krishnappa Gowtham,247.0,159.0,18.0,27.0,15.0,17.0,162.0,155.35,13.72,65.59,133.33,169.07,825.0,588.0,22.0,35.0,8.42,26.73,8.73,12.75,All-rounder
Krunal Pandya,1756.0,1376.0,80.0,114.0,153.0,65.0,1002.0,127.62,21.95,57.06,106.94,149.26,3023.0,2404.0,97.0,132.0,7.54,24.78,7.94,8.28,All-rounder
Kuldeep Yadav,201.0,240.0,13.0,37.0,18.0,3.0,90.0,83.75,15.46,44.78,,89.16,2776.0,2057.0,106.0,95.0,8.1,19.41,8.8,8.36,Bowler
Kumar Kushagra,3.0,7.0,3.0,3.0,0.0,0.0,0.0,42.86,1.0,0.0,66.67,0.0,,,,,,,,,Batter
Kumar Sangakkara,1687.0,1424.0,69.0,68.0,195.0,27.0,942.0,118.47,24.45,55.84,111.54,153.03,,,,,,,,,Batter
Kusal Mendis,20.0,11.0,1.0,1.0,1.0,2.0,16.0,181.82,20.0,80.0,200.0,,,,,,,,,,Batter
Kwena Maphaka,8.0,3.0,0.0,1.0,2.0,0.0,8.0,266.67,8.0,100.0,,266.67,147.0,67.0,2.0,4.0,13.16,33.5,11.86,17.0,Bowler
Kyle Abbott,13.0,8.0,1.0,3.0,0.0,1.0,6.0,162.5,13.0,46.15,,185.71,182.0,96.0,2.0,5.0,11.38,48.0,10.43,13.25,Bowler
Kyle Jamieson,65.0,60.0,3.0,9.0,5.0,3.0,38.0,108.33,21.67,58.46,,139.47,418.0,262.0,14.0,13.0,9.57,18.71,8.78,12.95,Bowler
Kyle Mayers,379.0,276.0,13.0,13.0,38.0,22.0,284.0,137.32,29.15,74.93,129.95,,59.0,42.0,0.0,6.0,8.43,,7.17,,Batter
L Ablish,0.0,2.0,0.0,1.0,0.0,0.0,0.0,0.0,0.0,0.0,,0.0,76.0,42.0,5.0,3.0,10.86,8.4,13.0,6.33,Bowler
LA Carseldine,81.0,71.0,3.0,5.0,11.0,0.0,44.0,114.08,27.0,54.32,105.56,153.85,6.0,6.0,1.0,1.0,6.0,6.0,6.0,,Batter
LA Pomersbach,302.0,251.0,11.0,16.0,25.0,13.0,178.0,120.32,27.45,58.94,128.4,131.37,,,,,,,,,Batter
LB Williams,1.0,2.0,0.0,1.0,0.0,0.0,0.0,50.0,1.0,0.0,,50.0,74.0,37.0,1.0,2.0,12.0,37.0,13.44,14.0,Bowler
LI Meriwala,,,,,,,,,,,,,32.0,18.0,1.0,1.0,10.67,18.0,14.0,,Bowler
LJ Wright,106.0,63.0,4.0,5.0,16.0,3.0,82.0,168.25,26.5,77.36,88.89,221.05,125.0,71.0,2.0,6.0,10.56,35.5,12.0,11.74,Bowler
LPC Silva,40.0,27.0,2.0,3.0,5.0,1.0,26.0,148.15,20.0,65.0,112.5,230.0,21.0,6.0,0.0,1.0,21.0,,,21.0,Batter
LR Shukla,405.0,358.0,29.0,33.0,33.0,16.0,228.0,113.13,13.97,56.3,40.0,128.07,458.0,314.0,17.0,27.0,8.75,18.47,11.77,9.46,All-rounder
Lakshmipathy Balaji,36.0,50.0,7.0,13.0,2.0,1.0,14.0,72.0,5.14,38.89,,76.09,2083.0,1512.0,85.0,73.0,8.27,17.79,7.17,10.48,Bowler
Lalit Yadav,305.0,301.0,15.0,21.0,27.0,7.0,150.0,101.33,20.33,49.18,78.12,110.59,430.0,288.0,11.0,19.0,8.96,26.18,9.69,11.5,All-rounder
Lasith Malinga,88.0,103.0,12.0,20.0,6.0,5.0,54.0,85.44,7.33,61.36,,86.87,3486.0,2828.0,188.0,122.0,7.4,15.04,6.53,8.2,Bowler
Lendl Simmons,1079.0,878.0,27.0,29.0,109.0,44.0,700.0,122.89,39.96,64.87,112.92,147.37,34.0,18.0,1.0,1.0,11.33,18.0,,12.0,Batter
Liam Livingstone,1050.0,698.0,40.0,47.0,70.0,75.0,730.0,150.43,26.25,69.52,138.02,204.76,471.0,312.0,13.0,27.0,9.06,24.0,5.67,7.0,All-rounder
Liam Plunkett,1.0,3.0,1.0,2.0,0.0,0.0,0.0,33.33,1.0,0.0,,33.33,228.0,150.0,4.0,7.0,9.12,37.5,10.29,8.88,Bowler
Liton Das,4.0,4.0,1.0,1.0,1.0,0.0,4.0,100.0,4.0,100.0,100.0,,,,,,,,,,Batter
Livingstone 1 run,1.0,1.0,0.0,1.0,0.0,0.0,0.0,100.0,1.0,0.0,,,,,,,,,,,Batter
Lockie Ferguson,72.0,49.0,4.0,8.0,7.0,2.0,40.0,146.94,18.0,55.56,,146.94,1564.0,1035.0,63.0,49.0,9.07,16.43,8.84,10.71,Bowler
Luke Ronchi,34.0,37.0,3.0,5.0,6.0,1.0,30.0,91.89,11.33,88.24,91.89,,,,,,,,,,Batter
Luke Wood,9.0,3.0,0.0,1.0,0.0,1.0,6.0,300.0,9.0,66.67,,300.0,94.0,36.0,1.0,2.0,15.67,36.0,13.0,22.5,Bowler
Lungi Ngidi,0.0,2.0,0.0,1.0,0.0,0.0,0.0,0.0,0.0,0.0,,0.0,541.0,372.0,32.0,16.0,8.73,11.62,7.68,10.12,Bowler
M Manhas,514.0,486.0,24.0,38.0,43.0,10.0,232.0,105.76,21.42,45.14,83.64,128.42,42.0,42.0,0.0,3.0,6.0,,,8.0,Batter
M Rawat,55.0,70.0,5.0,11.0,4.0,1.0,22.0,78.57,11.0,40.0,0.0,86.96,,,,,,,,,WK-Batter
M Siddharth,,,,,,,,,,,,,140.0,98.0,3.0,5.0,8.57,32.67,7.87,,Bowler
MA Khote,24.0,22.0,2.0,3.0,2.0,1.0,14.0,109.09,12.0,58.33,,120.0,52.0,30.0,2.0,2.0,10.4,15.0,,12.0,Bowler
MB Parmar,,,,,,,,,,,,,33.0,18.0,0.0,1.0,11.0,,14.0,,Bowler
MC Juneja,125.0,134.0,7.0,7.0,11.0,1.0,50.0,93.28,17.86,40.0,111.11,106.25,,,,,,,,,Batter
MD Mishra,237.0,213.0,15.0,17.0,24.0,8.0,144.0,111.27,15.8,60.76,100.78,142.11,,,,,,,,,Batter
MD Shanaka,26.0,26.0,2.0,3.0,2.0,1.0,14.0,100.0,13.0,53.85,0.0,100.0,,,,,,,,,Batter
MDKJ Perera,14.0,13.0,2.0,2.0,3.0,0.0,12.0,107.69,7.0,85.71,107.69,,,,,,,,,,Batter
MF Maharoof,177.0,124.0,10.0,14.0,12.0,9.0,102.0,142.74,17.7,57.63,,150.0,532.0,420.0,33.0,20.0,7.6,12.73,7.57,9.12,All-rounder
MG Neser,,,,,,,,,,,,,62.0,24.0,0.0,1.0,15.5,,18.0,16.5,Bowler
MJ Lumb,278.0,198.0,10.0,12.0,45.0,6.0,216.0,140.4,27.8,77.7,143.31,,,,,,,,,,Batter
MJ Suthar,1.0,2.0,1.0,1.0,0.0,0.0,0.0,50.0,1.0,0.0,,50.0,26.0,12.0,0.0,1.0,13.0,,13.0,,Bowler
MK Tiwary,1695.0,1489.0,61.0,83.0,156.0,40.0,864.0,113.83,27.79,50.97,96.55,140.14,83.0,42.0,1.0,6.0,11.86,42.0,,14.0,Batter
MN van Wyk,167.0,135.0,3.0,5.0,19.0,1.0,82.0,123.7,55.67,49.1,103.7,153.49,,,,,,,,,Batter
MP Yadav,,,,,,,,,,,,,88.0,73.0,8.0,4.0,7.23,9.12,9.5,3.43,Bowler
MS Bisla,798.0,737.0,37.0,39.0,93.0,23.0,510.0,108.28,21.57,63.91,103.04,157.58,,,,,,,,,WK-Batter
MS Dhoni,5445.0,4101.0,158.0,241.0,375.0,265.0,3090.0,132.77,34.46,56.75,75.64,166.78,,,,,,,,,WK-Batter
Madhav Tiwari,3.0,4.0,1.0,1.0,0.0,0.0,0.0,75.0,3.0,0.0,,100.0,,,,,,,,,Batter
Maheesh Theekshana,17.0,34.0,3.0,6.0,0.0,1.0,6.0,50.0,5.67,35.29,,68.18,1225.0,894.0,36.0,38.0,8.22,24.83,8.56,8.67,Bowler
Mahipal Lomror,527.0,389.0,30.0,35.0,33.0,30.0,312.0,135.48,17.57,59.2,81.58,150.33,127.0,90.0,2.0,11.0,8.47,45.0,5.5,,Batter
Makhaya Ntini,11.0,19.0,1.0,2.0,2.0,0.0,8.0,57.89,11.0,72.73,,57.89,257.0,210.0,8.0,9.0,7.34,26.25,7.0,8.83,Bowler
Manan Vohra,1083.0,863.0,48.0,51.0,104.0,43.0,674.0,125.49,22.56,62.23,122.08,221.43,,,,,,,,,Batter
Mandeep Singh,1706.0,1418.0,85.0,97.0,176.0,38.0,932.0,120.31,20.07,54.63,111.25,146.43,26.0,12.0,0.0,2.0,13.0,,,,Batter
Manish Pandey,3951.0,3355.0,135.0,161.0,340.0,116.0,2056.0,117.76,29.27,52.04,110.32,144.33,,,,,,,,,Batter
Manpreet Gony,99.0,76.0,9.0,15.0,6.0,8.0,72.0,130.26,11.0,72.73,,149.15,1317.0,888.0,39.0,44.0,8.9,22.77,8.91,10.65,Bowler
Marchant de Lange,1.0,2.0,1.0,1.0,0.0,0.0,0.0,50.0,1.0,0.0,,50.0,171.0,108.0,6.0,5.0,9.5,18.0,8.2,12.0,Bowler
Marco Jansen,141.0,136.0,12.0,20.0,8.0,6.0,68.0,103.68,11.75,48.23,,104.81,1179.0,750.0,38.0,35.0,9.43,19.74,8.9,11.05,Bowler
Marcus Stoinis,2026.0,1457.0,73.0,99.0,158.0,106.0,1268.0,139.05,27.75,62.59,118.4,167.38,1477.0,894.0,46.0,71.0,9.91,19.43,9.47,12.98,All-rounder
Mark Boucher,394.0,318.0,15.0,23.0,32.0,13.0,206.0,123.9,26.27,52.28,91.67,154.61,,,,,,,,,Batter
Mark Wood,12.0,10.0,2.0,3.0,1.0,1.0,10.0,120.0,6.0,83.33,,120.0,192.0,120.0,11.0,5.0,9.6,10.91,10.0,12.67,Bowler
Marlon Samuels,161.0,174.0,12.0,14.0,9.0,7.0,78.0,92.53,13.42,48.45,34.62,147.06,285.0,214.0,10.0,11.0,7.99,21.4,6.23,10.15,All-rounder
Martin Guptill,271.0,197.0,12.0,13.0,24.0,15.0,186.0,137.56,22.58,68.63,139.49,,,,,,,,,,Batter
Mashrafe Mortaza,2.0,2.0,0.0,1.0,0.0,0.0,0.0,100.0,2.0,0.0,,100.0,59.0,24.0,1.0,1.0,14.75,24.0,13.0,16.5,Bowler
Matheesha Pathirana,,,,,,,,,,,,,1047.0,735.0,53.0,32.0,8.55,13.87,,9.08,Bowler
Matt Henry,,,,,,,,,,,,,183.0,102.0,3.0,6.0,10.76,34.0,10.0,15.0,Bowler
Matthew Hayden,1107.0,839.0,28.0,32.0,121.0,44.0,748.0,131.94,39.54,67.57,124.27,181.13,,,,,,,,,Batter
Matthew Short,117.0,99.0,6.0,6.0,15.0,4.0,84.0,118.18,19.5,71.79,127.38,,25.0,24.0,0.0,3.0,6.25,,7.0,,Batter
Matthew Wade,183.0,185.0,13.0,14.0,23.0,2.0,104.0,98.92,14.08,56.83,109.71,,,,,,,,,,Batter
Mayank Agarawal,95.0,65.0,3.0,4.0,10.0,2.0,52.0,146.15,31.67,54.74,120.83,100.0,,,,,,,,,Batter
Mayank Agarwal,2669.0,2081.0,116.0,121.0,265.0,98.0,1648.0,128.26,23.01,61.75,117.41,207.56,,,,,,,,,Batter
Mayank Dagar,0.0,1.0,0.0,1.0,0.0,0.0,0.0,0.0,0.0,0.0,,0.0,205.0,137.0,2.0,8.0,8.98,68.5,14.5,7.76,Bowler
Mayank Markande,48.0,44.0,3.0,10.0,5.0,1.0,26.0,109.09,16.0,54.17,,111.63,1081.0,720.0,37.0,37.0,9.01,19.46,,11.19,Bowler
Mayank Yadav,,,,,,,,,,,,,99.0,52.0,2.0,2.0,11.42,26.0,12.69,8.77,Bowler
Michael Bracewell,58.0,49.0,2.0,4.0,6.0,1.0,30.0,118.37,29.0,51.72,100.0,92.86,95.0,66.0,6.0,5.0,8.64,11.0,6.5,,Bowler
Michael Clarke,98.0,96.0,6.0,6.0,12.0,0.0,48.0,102.08,16.33,48.98,118.75,,72.0,66.0,3.0,5.0,6.55,22.0,,9.0,Batter
Michael Hussey,1977.0,1648.0,52.0,58.0,198.0,52.0,1104.0,119.96,38.02,55.84,104.68,189.13,,,,,,,,,Batter
Michael Klinger,73.0,78.0,4.0,4.0,9.0,0.0,36.0,93.59,18.25,49.32,100.0,,,,,,,,,,Batter
Misbah-ul-Haq,117.0,82.0,9.0,8.0,10.0,6.0,76.0,142.68,13.0,64.96,142.11,210.0,,,,,,,,,Batter
Mitchell Johnson,167.0,168.0,14.0,28.0,10.0,7.0,82.0,99.4,11.93,49.1,,106.8,1740.0,1235.0,66.0,54.0,8.45,18.71,8.04,9.68,Bowler
Mitchell Marsh,1292.0,932.0,45.0,49.0,104.0,75.0,866.0,138.63,28.71,67.03,145.51,148.57,803.0,560.0,37.0,34.0,8.6,15.14,8.77,11.11,All-rounder
Mitchell McClenaghan,85.0,73.0,11.0,20.0,5.0,7.0,62.0,116.44,7.73,72.94,0.0,107.69,1839.0,1274.0,75.0,56.0,8.66,16.99,7.95,9.83,Bowler
Mitchell Owen,0.0,2.0,1.0,1.0,0.0,0.0,0.0,0.0,0.0,0.0,0.0,,,,,,,,,,Batter
Mitchell Santner,110.0,111.0,8.0,19.0,6.0,6.0,60.0,99.1,13.75,54.55,74.07,130.77,744.0,613.0,26.0,31.0,7.28,23.58,8.0,9.0,Bowler
Mitchell Starc,111.0,120.0,10.0,21.0,11.0,0.0,44.0,92.5,11.1,39.64,,87.06,1565.0,1064.0,78.0,49.0,8.83,13.64,8.96,9.07,Bowler
Moeen Ali,1167.0,865.0,51.0,59.0,95.0,67.0,782.0,134.91,22.88,67.01,117.68,167.07,1036.0,857.0,46.0,57.0,7.25,18.63,5.56,7.58,All-rounder
Mohammad Ashraful,2.0,12.0,1.0,1.0,0.0,0.0,0.0,16.67,2.0,0.0,16.67,,,,,,,,,,Batter
Mohammad Asif,3.0,6.0,2.0,2.0,0.0,0.0,0.0,50.0,1.5,0.0,,33.33,307.0,192.0,9.0,8.0,9.59,21.33,9.8,10.6,Bowler
Mohammad Hafeez,64.0,84.0,8.0,8.0,7.0,2.0,40.0,76.19,8.0,62.5,75.68,111.11,71.0,60.0,2.0,4.0,7.1,30.0,,,Batter
Mohammad Kaif,259.0,258.0,16.0,22.0,22.0,6.0,124.0,100.39,16.19,47.88,56.41,120.0,,,,,,,,,Batter
Mohammad Nabi,221.0,157.0,17.0,19.0,18.0,12.0,144.0,140.76,13.0,65.16,173.33,140.22,527.0,417.0,15.0,23.0,7.58,27.8,6.39,10.0,All-rounder
Mohammed Shami,84.0,93.0,14.0,27.0,7.0,2.0,40.0,90.32,6.0,47.62,,88.46,3834.0,2622.0,150.0,119.0,8.77,17.48,7.92,10.79,Bowler
Mohammed Siraj,112.0,127.0,10.0,21.0,10.0,4.0,64.0,88.19,11.2,57.14,,88.19,3431.0,2322.0,112.0,108.0,8.87,20.73,8.46,10.33,Bowler
Mohit Rathee,1.0,2.0,0.0,1.0,0.0,0.0,0.0,50.0,1.0,0.0,,50.0,29.0,12.0,0.0,1.0,14.5,,,,Bowler
Mohit Sharma,125.0,140.0,17.0,30.0,9.0,4.0,60.0,89.29,7.35,48.0,,97.8,3537.0,2416.0,149.0,119.0,8.78,16.21,8.16,10.28,Bowler
Mohsin Khan,25.0,27.0,2.0,5.0,2.0,1.0,14.0,92.59,12.5,56.0,,100.0,698.0,486.0,27.0,23.0,8.62,18.0,8.08,10.35,Bowler
Moises Henriques,1000.0,801.0,38.0,54.0,87.0,28.0,516.0,124.84,26.32,51.6,111.81,164.22,1302.0,950.0,46.0,60.0,8.22,20.65,8.28,9.73,All-rounder
Monu Kumar,,,,,,,,,,,,,20.0,12.0,0.0,1.0,10.0,,7.0,13.0,Bowler
Morne Morkel,126.0,93.0,11.0,20.0,11.0,5.0,74.0,135.48,11.45,58.73,,139.76,2136.0,1629.0,88.0,70.0,7.87,18.51,7.33,9.28,Bowler
Mujeeb Ur Rahman,12.0,15.0,3.0,6.0,2.0,0.0,8.0,80.0,4.0,66.67,,91.67,626.0,447.0,21.0,20.0,8.4,21.29,7.8,11.83,Bowler
Mukesh Choudhary,6.0,6.0,0.0,2.0,1.0,0.0,4.0,100.0,6.0,66.67,,100.0,523.0,315.0,17.0,16.0,9.96,18.53,9.43,13.18,Bowler
Mukesh Kumar,10.0,20.0,1.0,5.0,0.0,0.0,0.0,50.0,10.0,0.0,,50.0,1117.0,653.0,45.0,32.0,10.26,14.51,8.74,12.41,Bowler
Mulder,9.0,12.0,1.0,1.0,1.0,0.0,4.0,75.0,9.0,44.44,,90.0,16.0,6.0,0.0,1.0,16.0,,,16.0,Batter
Munaf Patel,39.0,41.0,5.0,12.0,5.0,0.0,20.0,95.12,7.8,51.28,,102.63,1733.0,1355.0,82.0,63.0,7.67,16.52,7.19,10.66,Bowler
Murali Kartik,113.0,109.0,7.0,14.0,7.0,1.0,34.0,103.67,16.14,30.09,,101.3,1418.0,1149.0,39.0,55.0,7.4,29.46,7.17,8.06,Bowler
Murali Vijay,2619.0,2208.0,97.0,105.0,247.0,91.0,1534.0,118.61,27.0,58.57,111.16,173.61,49.0,36.0,0.0,4.0,8.17,,8.0,,Batter
Murugan Ashwin,35.0,50.0,8.0,12.0,2.0,1.0,14.0,70.0,4.38,40.0,,81.08,1182.0,870.0,35.0,44.0,8.15,24.86,9.33,9.05,Bowler
Musheer Khan,0.0,3.0,1.0,1.0,0.0,0.0,0.0,0.0,0.0,0.0,,,27.0,12.0,1.0,1.0,13.5,12.0,,,Bowler
Mustafizur Rahman,13.0,24.0,2.0,7.0,0.0,1.0,6.0,54.17,6.5,46.15,,54.17,1879.0,1365.0,74.0,60.0,8.26,18.45,7.27,9.29,Bowler
Muttiah Muralitharan,20.0,30.0,6.0,9.0,1.0,0.0,4.0,66.67,3.33,20.0,,66.67,1765.0,1528.0,67.0,66.0,6.93,22.81,6.53,8.29,Bowler
NB Singh,,,,,,,,,,,,,18.0,24.0,1.0,2.0,4.5,24.0,4.5,,Bowler
ND Doshi,0.0,13.0,1.0,1.0,0.0,0.0,0.0,0.0,0.0,0.0,,0.0,79.0,56.0,2.0,4.0,8.46,28.0,10.67,5.5,Bowler
NJ Maddinson,20.0,21.0,3.0,3.0,4.0,0.0,16.0,95.24,6.67,80.0,95.24,,,,,,,,,,Batter
NJ Rimmington,1.0,1.0,0.0,1.0,0.0,0.0,0.0,100.0,1.0,0.0,,100.0,20.0,18.0,0.0,1.0,6.67,,7.0,,Bowler
NK Patel,121.0,124.0,5.0,6.0,14.0,1.0,62.0,97.58,24.2,51.24,76.27,160.87,,,,,,,,,Batter
NL McCullum,26.0,23.0,3.0,2.0,0.0,1.0,6.0,113.04,8.67,23.08,,111.11,35.0,30.0,0.0,2.0,7.0,,6.0,,Bowler
NLTC Perera,424.0,326.0,24.0,30.0,23.0,26.0,248.0,130.06,17.67,58.49,111.11,141.27,1031.0,698.0,37.0,36.0,8.86,18.86,7.43,11.45,All-rounder
NS Naik,31.0,53.0,4.0,4.0,2.0,0.0,8.0,58.49,7.75,25.81,41.18,59.09,,,,,,,,,Batter
Naman Dhir,392.0,225.0,14.0,19.0,37.0,23.0,286.0,174.22,28.0,72.96,140.38,194.49,76.0,52.0,1.0,5.0,8.77,52.0,6.0,4.0,Batter
Naman Ojha,1554.0,1360.0,74.0,94.0,121.0,79.0,958.0,114.26,21.0,61.65,98.21,133.44,,,,,,,,,Batter
Nandre Burger,,,,,,,,,,,,,152.0,102.0,7.0,5.0,8.94,14.57,10.5,4.33,Bowler
Narayan Jagadeesan,162.0,155.0,9.0,10.0,21.0,2.0,96.0,104.52,18.0,59.26,100.0,68.75,,,,,,,,,Batter
Nathan Coulter-Nile,82.0,75.0,10.0,16.0,7.0,4.0,52.0,109.33,8.2,63.41,,123.73,1125.0,857.0,52.0,38.0,7.88,16.48,7.35,9.63,Bowler
Nathan Ellis,19.0,26.0,4.0,5.0,0.0,1.0,6.0,73.08,4.75,31.58,,100.0,553.0,379.0,20.0,17.0,8.75,18.95,7.12,10.79,Bowler
Navdeep Saini,173.0,181.0,15.0,17.0,19.0,0.0,76.0,95.58,11.53,43.93,91.95,100.0,1003.0,664.0,26.0,32.0,9.06,25.54,8.51,9.88,All-rounder
Naveen-ul-Haq,18.0,26.0,2.0,4.0,2.0,0.0,8.0,69.23,9.0,44.44,,80.95,602.0,388.0,26.0,17.0,9.31,14.92,9.67,9.98,Bowler
Nehal Wadhera,719.0,522.0,26.0,31.0,60.0,39.0,474.0,137.74,27.65,65.92,112.77,168.35,22.0,17.0,0.0,2.0,7.76,,,10.8,Batter
Nicholas Pooran,2293.0,1431.0,67.0,86.0,158.0,167.0,1634.0,160.24,34.22,71.26,147.93,163.35,,,,,,,,,Batter
Nithish Kumar Reddy,303.0,221.0,9.0,11.0,15.0,21.0,186.0,137.1,33.67,61.39,86.05,170.97,208.0,109.0,4.0,9.0,11.45,27.25,9.33,13.92,Batter
Nitish Rana,2853.0,2156.0,104.0,112.0,261.0,141.0,1890.0,132.33,27.43,66.25,118.58,170.12,271.0,192.0,10.0,26.0,8.47,19.2,8.88,7.04,Batter
Nitish Reddy,182.0,160.0,9.0,11.0,16.0,4.0,88.0,113.75,20.22,48.35,94.44,162.07,47.0,34.0,4.0,3.0,8.29,8.5,,13.33,Batter
Noor Ahmad,20.0,35.0,8.0,11.0,2.0,0.0,8.0,57.14,2.5,40.0,,59.38,1088.0,806.0,48.0,37.0,8.1,16.79,8.4,8.03,Bowler
Nuwan Kulasekara,5.0,3.0,0.0,1.0,1.0,0.0,4.0,166.67,5.0,80.0,,166.67,122.0,102.0,6.0,5.0,7.18,17.0,7.45,6.4,Bowler
Nuwan Thushara,12.0,19.0,2.0,4.0,0.0,0.0,0.0,63.16,6.0,0.0,,63.16,453.0,317.0,19.0,14.0,8.57,16.68,7.99,10.02,Bowler
Obed McCoy,8.0,5.0,0.0,1.0,0.0,1.0,6.0,160.0,8.0,75.0,,160.0,255.0,162.0,11.0,8.0,9.44,14.73,7.0,8.95,Bowler
Odean Smith,51.0,50.0,3.0,6.0,1.0,5.0,34.0,102.0,17.0,66.67,,120.0,179.0,90.0,7.0,6.0,11.93,12.86,7.0,15.33,Bowler
Oshane Thomas,,,,,,,,,,,,,85.0,60.0,5.0,4.0,8.5,12.0,9.67,9.0,Bowler
Owais Shah,506.0,405.0,13.0,22.0,34.0,23.0,274.0,124.94,38.92,54.15,127.78,150.28,,,,,,,,,Batter
P Amarnath,,,,,,,,,,,,,241.0,132.0,7.0,6.0,10.95,18.86,12.0,13.33,Bowler
P Awana,5.0,14.0,3.0,5.0,0.0,0.0,0.0,35.71,1.67,0.0,,35.71,1046.0,747.0,43.0,33.0,8.4,17.37,8.07,10.98,Bowler
P Dogra,127.0,141.0,12.0,12.0,4.0,5.0,46.0,90.07,10.58,36.22,,114.06,,,,,,,,,Batter
P Parameswaran,1.0,3.0,0.0,2.0,0.0,0.0,0.0,33.33,1.0,0.0,,33.33,226.0,154.0,9.0,8.0,8.81,17.11,10.83,9.85,Bowler
P Prasanth,,,,,,,,,,,,,18.0,6.0,0.0,1.0,18.0,,,,Bowler
P Sahu,19.0,13.0,0.0,2.0,1.0,1.0,10.0,146.15,19.0,52.63,,146.15,152.0,105.0,3.0,5.0,8.69,35.0,11.0,10.33,Bowler
P Suyal,,,,,,,,,,,,,154.0,96.0,2.0,5.0,9.62,48.0,9.3,10.75,Bowler
PA Reddy,164.0,167.0,10.0,10.0,15.0,2.0,72.0,98.2,16.4,43.9,93.64,300.0,,,,,,,,,Batter
PH Solanki,,,,,,,,,,,,,39.0,36.0,2.0,2.0,6.5,18.0,,7.5,Bowler
PM Sarvesh Kumar,1.0,2.0,0.0,1.0,0.0,0.0,0.0,50.0,1.0,0.0,,50.0,42.0,30.0,1.0,2.0,8.4,30.0,8.0,,Bowler
PN Mankad,97.0,75.0,3.0,5.0,13.0,2.0,64.0,129.33,32.33,65.98,118.42,163.64,,,,,,,,,Batter
PR Shah,92.0,97.0,8.0,9.0,9.0,2.0,48.0,94.85,11.5,52.17,88.24,112.5,,,,,,,,,WK-Batter
Pankaj Singh,7.0,12.0,2.0,5.0,0.0,0.0,0.0,58.33,3.5,0.0,,58.33,472.0,300.0,11.0,17.0,9.44,27.27,7.8,13.75,Bowler
Pant,269.0,208.0,11.0,13.0,23.0,16.0,188.0,129.33,24.45,69.89,92.73,183.33,,,,,,,,,WK-Batter
Parthiv Patel,2848.0,2442.0,127.0,136.0,365.0,49.0,1754.0,116.63,22.43,61.59,116.81,131.94,,,,,,,,,Batter
Parvez Rasool,17.0,20.0,2.0,4.0,1.0,0.0,4.0,85.0,8.5,23.53,,85.0,273.0,198.0,4.0,11.0,8.27,49.5,9.18,,Bowler
Pat Cummins,612.0,417.0,33.0,48.0,39.0,41.0,402.0,146.76,18.55,65.69,0.0,158.8,2436.0,1631.0,82.0,72.0,8.96,19.89,8.69,10.48,All-rounder
Paul Collingwood,203.0,159.0,4.0,7.0,9.0,13.0,114.0,127.67,50.75,56.16,136.84,180.0,101.0,89.0,5.0,6.0,6.81,17.8,,5.48,Batter
Paul Valthaty,505.0,432.0,22.0,23.0,61.0,20.0,364.0,116.9,22.95,72.08,107.59,209.09,207.0,151.0,7.0,10.0,8.23,21.57,,9.79,All-rounder
Pawan Negi,365.0,301.0,26.0,35.0,27.0,16.0,204.0,121.26,14.04,55.89,66.67,134.55,954.0,716.0,38.0,42.0,7.99,18.84,9.14,11.4,All-rounder
Peter Handscomb,6.0,12.0,1.0,1.0,0.0,0.0,0.0,50.0,6.0,0.0,,,,,,,,,,,Batter
Phil Salt,1056.0,623.0,32.0,34.0,122.0,56.0,824.0,169.5,33.0,78.03,167.52,184.21,,,,,,,,,Batter
Piyush Chawla,624.0,580.0,57.0,86.0,56.0,20.0,344.0,107.59,10.95,55.13,115.38,117.05,5179.0,3850.0,201.0,191.0,8.07,19.15,7.91,8.88,Bowler
Prabhsimran Singh,1305.0,876.0,52.0,51.0,134.0,71.0,962.0,148.97,25.1,73.72,145.86,177.27,,,,,,,,,Batter
Pradeep Sangwan,26.0,47.0,8.0,14.0,1.0,0.0,4.0,55.32,3.25,15.38,,59.46,1267.0,856.0,44.0,42.0,8.88,19.45,8.83,9.79,Bowler
Pragyan Ojha,16.0,45.0,10.0,19.0,0.0,0.0,0.0,35.56,1.6,0.0,,37.21,2399.0,1899.0,99.0,90.0,7.58,19.18,8.1,9.61,Bowler
Prashant Chopra,8.0,6.0,1.0,1.0,2.0,0.0,8.0,133.33,8.0,100.0,,,,,,,,,,,Batter
Prasidh Krishna,9.0,24.0,2.0,7.0,0.0,0.0,0.0,37.5,4.5,0.0,,37.5,2247.0,1516.0,80.0,66.0,8.89,18.95,8.24,10.58,Bowler
Praveen Dubey,,,,,,,,,,,,,21.0,12.0,1.0,1.0,10.5,12.0,,,Bowler
Praveen Kumar,340.0,323.0,34.0,57.0,22.0,17.0,190.0,105.26,10.0,55.88,75.0,109.7,3342.0,2524.0,102.0,119.0,7.94,24.75,6.92,10.72,Bowler
Pravin Dubey,23.0,33.0,1.0,2.0,2.0,0.0,8.0,69.7,23.0,34.78,,58.82,91.0,66.0,1.0,4.0,8.27,66.0,,11.0,Bowler
Pravin Tambe,18.0,39.0,1.0,6.0,1.0,0.0,4.0,46.15,18.0,22.22,,40.0,866.0,660.0,28.0,33.0,7.87,23.57,8.77,11.0,Bowler
Prayas Ray Barman,19.0,25.0,1.0,1.0,2.0,0.0,8.0,76.0,19.0,42.11,,0.0,56.0,24.0,0.0,1.0,14.0,,,20.0,Batter
Prince Yadav,5.0,11.0,0.0,2.0,0.0,0.0,0.0,45.45,5.0,0.0,,45.45,225.0,143.0,5.0,6.0,9.44,28.6,8.25,13.54,Bowler
Prithvi Shaw,1892.0,1321.0,77.0,79.0,238.0,61.0,1318.0,143.22,24.57,69.66,142.39,136.36,,,,,,,,,Batter
Priyam Garg,273.0,247.0,19.0,19.0,16.0,9.0,118.0,110.53,14.37,43.22,98.08,158.54,,,,,,,,,Batter
Priyansh Arya,475.0,275.0,17.0,17.0,55.0,25.0,370.0,172.73,27.94,77.89,166.83,,,,,,,,,,Batter
Quinton de Kock,3312.0,2532.0,108.0,115.0,325.0,134.0,2104.0,130.81,30.67,63.53,127.21,192.66,,,,,,,,,Batter
R Bhatia,342.0,290.0,29.0,47.0,24.0,13.0,174.0,117.93,11.79,50.88,,141.81,2059.0,1636.0,82.0,91.0,7.55,19.95,12.5,8.73,Bowler
R Goyal,,,,,,,,,,,,,34.0,24.0,0.0,1.0,8.5,,,,Bowler
R McLaren,159.0,178.0,8.0,13.0,14.0,1.0,62.0,89.33,19.88,38.99,63.16,113.11,558.0,354.0,14.0,18.0,9.46,25.29,8.8,11.14,All-rounder
R Ninan,3.0,6.0,1.0,1.0,0.0,0.0,0.0,50.0,3.0,0.0,,50.0,65.0,36.0,3.0,2.0,10.83,12.0,,16.0,Bowler
R Sanjay Yadav,0.0,2.0,1.0,1.0,0.0,0.0,0.0,0.0,0.0,0.0,,0.0,23.0,12.0,0.0,1.0,11.5,,8.0,,Bowler
R Sathish,270.0,236.0,16.0,24.0,22.0,6.0,124.0,114.41,16.88,45.93,0.0,134.43,233.0,139.0,6.0,14.0,10.06,23.17,,18.96,All-rounder
R Shukla,19.0,23.0,2.0,4.0,2.0,0.0,8.0,82.61,9.5,42.11,,81.82,217.0,120.0,7.0,7.0,10.85,17.14,8.78,14.6,Bowler
RA Shaikh,,,,,,,,,,,,,11.0,6.0,0.0,1.0,11.0,,11.0,,Bowler
RE Levi,83.0,74.0,6.0,6.0,10.0,4.0,64.0,112.16,13.83,77.11,106.9,,,,,,,,,,Batter
RG More,2.0,2.0,0.0,1.0,0.0,0.0,0.0,100.0,2.0,0.0,,100.0,63.0,35.0,1.0,2.0,10.8,35.0,15.0,10.59,Bowler
RJ Harris,117.0,112.0,12.0,21.0,6.0,3.0,42.0,104.46,9.75,35.9,,111.49,1085.0,832.0,47.0,37.0,7.82,17.7,6.76,9.5,Bowler
RJ Peterson,32.0,32.0,3.0,5.0,3.0,1.0,18.0,100.0,10.67,56.25,,105.56,70.0,48.0,3.0,4.0,8.75,16.0,5.0,13.0,Bowler
RJ Quiney,103.0,105.0,7.0,7.0,12.0,3.0,66.0,98.1,14.71,64.08,87.84,33.33,,,,,,,,,Batter
RK Bhui,10.0,27.0,4.0,4.0,0.0,0.0,0.0,37.04,2.5,0.0,0.0,0.0,,,,,,,,,Batter
RK Singh,893.0,654.0,29.0,40.0,67.0,46.0,544.0,136.54,30.79,60.92,138.46,169.73,,,,,,,,,Batter
RP Singh,52.0,78.0,15.0,28.0,2.0,1.0,14.0,66.67,3.47,26.92,,69.44,2417.0,1775.0,100.0,82.0,8.17,17.75,7.41,9.53,Bowler
RR Bhatkal,0.0,2.0,2.0,1.0,0.0,0.0,0.0,0.0,0.0,0.0,,0.0,35.0,12.0,0.0,1.0,17.5,,20.0,,Bowler
RR Bose,,,,,,,,,,,,,24.0,12.0,0.0,1.0,12.0,,12.0,,Bowler
RR Raje,20.0,18.0,1.0,5.0,1.0,1.0,10.0,111.11,20.0,50.0,,111.11,214.0,139.0,7.0,10.0,9.24,19.86,9.0,10.38,Bowler
RR Sarwan,73.0,78.0,3.0,4.0,6.0,1.0,30.0,93.59,24.33,41.1,104.65,,,,,,,,,,Batter
RS Gavaskar,2.0,8.0,1.0,1.0,0.0,0.0,0.0,25.0,2.0,0.0,,,8.0,6.0,0.0,1.0,8.0,,,8.0,Batter
RS Sodhi,4.0,2.0,0.0,1.0,1.0,0.0,4.0,200.0,4.0,100.0,,200.0,,,,,,,,,Batter
RV Gomez,50.0,53.0,7.0,9.0,5.0,1.0,26.0,94.34,7.14,52.0,0.0,111.11,130.0,96.0,6.0,9.0,8.12,16.0,,12.5,Bowler
RW Price,,,,,,,,,,,,,33.0,18.0,0.0,1.0,11.0,,14.0,,Bowler
Rachin Ravindra,413.0,298.0,16.0,18.0,40.0,16.0,256.0,138.59,25.81,61.99,130.95,266.67,7.0,12.0,0.0,2.0,3.5,,,,Batter
Rahmanullah Gurbaz,363.0,283.0,17.0,18.0,34.0,22.0,268.0,128.27,21.35,73.83,121.74,0.0,,,,,,,,,Batter
Rahul Chahar,166.0,152.0,17.0,26.0,16.0,7.0,106.0,109.21,9.76,63.86,,119.12,2552.0,1933.0,88.0,91.0,7.92,21.97,8.06,8.72,Bowler
Rahul Dravid,2174.0,1918.0,77.0,82.0,269.0,28.0,1244.0,113.35,28.23,57.22,105.85,166.67,,,,,,,,,Batter
Rahul Sharma,66.0,77.0,11.0,19.0,5.0,3.0,38.0,85.71,6.0,57.58,,86.67,1100.0,928.0,42.0,44.0,7.11,22.1,6.73,8.96,Bowler
Rahul Tewatia,1112.0,851.0,49.0,76.0,90.0,54.0,684.0,130.67,22.69,61.51,85.71,156.61,1117.0,843.0,36.0,52.0,7.95,23.42,7.5,7.33,All-rounder
Rahul Tripathi,2291.0,1707.0,86.0,98.0,229.0,85.0,1426.0,134.21,26.64,62.24,135.25,141.29,12.0,6.0,0.0,1.0,12.0,,,,Batter
Raj Bawa,19.0,18.0,2.0,3.0,1.0,0.0,4.0,105.56,9.5,21.05,0.0,200.0,,,,,,,,,Batter
Rajat Patidar,1111.0,759.0,36.0,38.0,76.0,68.0,712.0,146.38,30.86,64.09,117.05,168.92,,,,,,,,,Batter
Rajvardhan Hangargekar,,,,,,,,,,,,,60.0,36.0,3.0,2.0,10.0,12.0,12.0,8.0,Bowler
Ramandeep Singh,217.0,142.0,11.0,20.0,9.0,17.0,138.0,152.82,19.73,63.59,50.0,189.06,64.0,40.0,6.0,4.0,9.6,6.67,,11.18,Batter
Ramesh Powar,67.0,64.0,3.0,9.0,6.0,1.0,30.0,104.69,22.33,44.78,,111.67,538.0,426.0,15.0,26.0,7.58,28.4,7.77,8.75,Bowler
Rashid Khan,585.0,387.0,42.0,66.0,41.0,41.0,410.0,151.16,13.93,70.09,,156.21,3863.0,3208.0,166.0,136.0,7.23,19.33,8.0,8.56,Bowler
Rasikh Salam,40.0,40.0,5.0,6.0,5.0,0.0,20.0,100.0,8.0,50.0,,116.0,412.0,233.0,10.0,13.0,10.61,23.3,10.67,11.24,Bowler
Rassie van der Dussen,22.0,25.0,2.0,3.0,2.0,0.0,8.0,88.0,11.0,36.36,,120.0,,,,,,,,,Batter
Ravi Bishnoi,64.0,85.0,12.0,19.0,3.0,4.0,36.0,75.29,5.33,56.25,128.57,71.15,2263.0,1644.0,77.0,76.0,8.26,21.35,9.15,9.31,Bowler
Ravi Bopara,531.0,468.0,19.0,22.0,39.0,16.0,252.0,113.46,27.95,47.46,84.97,168.87,301.0,206.0,13.0,14.0,8.77,15.85,,10.0,All-rounder
Ravi Rampaul,51.0,52.0,5.0,7.0,3.0,2.0,24.0,98.08,10.2,47.06,,100.0,319.0,268.0,17.0,12.0,7.14,15.76,6.04,11.77,Bowler
Ravichandran Ashwin,833.0,728.0,63.0,93.0,64.0,29.0,430.0,114.42,13.22,51.62,106.85,127.61,5721.0,4713.0,205.0,217.0,7.28,22.99,7.19,8.33,Bowler
Ravindra Jadeja,3260.0,2607.0,123.0,194.0,240.0,117.0,1662.0,125.05,26.5,50.98,118.18,143.49,5242.0,4061.0,179.0,225.0,7.74,22.69,8.29,8.92,All-rounder
Reece Topley,3.0,6.0,0.0,1.0,0.0,0.0,0.0,50.0,3.0,0.0,,50.0,222.0,120.0,5.0,6.0,11.1,24.0,9.1,13.8,Bowler
Richard Gleeson,2.0,2.0,0.0,1.0,0.0,0.0,0.0,100.0,2.0,0.0,,100.0,111.0,69.0,2.0,3.0,9.65,34.5,9.6,11.54,Bowler
Rickelton,388.0,266.0,13.0,14.0,47.0,17.0,290.0,145.86,29.85,74.74,149.25,,,,,,,,,,WK-Batter
Ricky Ponting,91.0,129.0,8.0,9.0,5.0,2.0,32.0,70.54,11.38,35.16,60.0,,,,,,,,,,Batter
Rilee Rossouw,473.0,321.0,21.0,22.0,45.0,25.0,330.0,147.35,22.52,69.77,137.62,195.24,,,,,,,,,Batter
Riley Meredith,0.0,3.0,1.0,2.0,0.0,0.0,0.0,0.0,0.0,0.0,,0.0,621.0,388.0,21.0,18.0,9.6,18.48,8.78,11.26,Bowler
Rinku Singh,206.0,139.0,7.0,11.0,20.0,10.0,140.0,148.2,29.43,67.96,0.0,213.73,,,,,,,,,Batter
Ripal Patel,80.0,76.0,5.0,7.0,6.0,2.0,36.0,105.26,16.0,45.0,,118.18,22.0,18.0,0.0,1.0,7.33,,,11.0,Batter
Rishabh Pant,3297.0,2296.0,96.0,110.0,298.0,154.0,2116.0,143.6,34.34,64.18,120.0,192.29,,,,,,,,,Batter
Rishi Dhawan,210.0,188.0,10.0,22.0,18.0,7.0,114.0,111.7,21.0,54.29,,126.32,922.0,662.0,27.0,36.0,8.36,24.52,8.5,10.96,All-rounder
Riyan Parag,1570.0,1156.0,60.0,72.0,112.0,87.0,970.0,135.81,26.17,61.78,135.29,153.02,477.0,302.0,9.0,30.0,9.48,33.56,8.0,12.4,All-rounder
Robin Minz,6.0,16.0,2.0,2.0,0.0,0.0,0.0,37.5,3.0,0.0,,,,,,,,,,,Batter
Robin Uthappa,4954.0,3927.0,184.0,197.0,481.0,182.0,3016.0,126.15,26.92,60.88,120.04,165.31,,,,,,,,,Batter
Roelof van der Merwe,159.0,144.0,12.0,15.0,11.0,8.0,92.0,110.42,13.25,57.86,97.3,112.77,515.0,443.0,25.0,21.0,6.98,17.72,10.0,8.4,All-rounder
Rohit,418.0,290.0,14.0,15.0,41.0,22.0,296.0,144.14,29.86,70.81,144.77,175.0,,,,,,,,,Batter
Rohit Sharma,6630.0,5183.0,232.0,251.0,599.0,281.0,4082.0,127.92,28.58,61.57,118.72,174.31,462.0,339.0,16.0,32.0,8.18,21.19,8.16,8.82,Batter
Romario Shepherd,185.0,93.0,8.0,12.0,12.0,17.0,150.0,198.92,23.12,81.08,,217.57,416.0,216.0,12.0,15.0,11.56,18.0,9.25,13.67,Bowler
Ross Taylor,1017.0,847.0,41.0,54.0,66.0,46.0,540.0,120.07,24.8,53.1,124.0,152.94,24.0,12.0,0.0,2.0,12.0,,,,Batter
Rovman Powell,365.0,260.0,21.0,23.0,22.0,28.0,256.0,140.38,17.38,70.14,,182.81,35.0,18.0,1.0,2.0,11.67,18.0,,14.0,Batter
Ruturaj Gaikwad,2502.0,1863.0,61.0,70.0,231.0,95.0,1494.0,134.3,41.02,59.71,124.2,168.59,,,,,,,,,Batter
Ryan ten Doeschate,326.0,238.0,17.0,21.0,26.0,15.0,194.0,136.97,19.18,59.51,85.71,149.3,94.0,78.0,3.0,10.0,7.23,26.0,,12.0,Batter
S Anirudha,136.0,121.0,8.0,12.0,9.0,7.0,78.0,112.4,17.0,57.35,86.67,135.71,,,,,,,,,Batter
S Kaushik,0.0,1.0,1.0,1.0,0.0,0.0,0.0,0.0,0.0,0.0,,0.0,304.0,204.0,6.0,10.0,8.94,34.0,13.67,14.75,Bowler
S Ladda,0.0,10.0,2.0,2.0,0.0,0.0,0.0,0.0,0.0,0.0,,0.0,225.0,138.0,5.0,9.0,9.78,27.6,9.33,12.0,Bowler
S Midhun,,,,,,,,,,,,,29.0,12.0,0.0,1.0,14.5,,,,Bowler
S Narwal,37.0,29.0,4.0,4.0,6.0,0.0,24.0,127.59,9.25,64.86,,131.58,203.0,106.0,6.0,6.0,11.49,17.67,9.64,19.67,Bowler
S Rana,91.0,82.0,5.0,8.0,9.0,1.0,42.0,110.98,18.2,46.15,86.96,136.0,18.0,16.0,0.0,3.0,6.75,,,3.0,Batter
S Randiv,2.0,4.0,1.0,1.0,0.0,0.0,0.0,50.0,2.0,0.0,,50.0,223.0,174.0,8.0,8.0,7.69,21.75,10.5,9.0,Bowler
S Sohal,368.0,311.0,18.0,20.0,34.0,18.0,244.0,118.33,20.44,66.3,117.23,44.44,,,,,,,,,Batter
S Sriram,31.0,38.0,2.0,2.0,3.0,0.0,12.0,81.58,15.5,38.71,108.33,,49.0,18.0,0.0,2.0,16.33,,,,Batter
S Tyagi,3.0,4.0,0.0,1.0,0.0,0.0,0.0,75.0,3.0,0.0,,75.0,304.0,209.0,6.0,14.0,8.73,34.83,8.36,17.45,Bowler
S Vidyut,145.0,115.0,8.0,8.0,21.0,3.0,102.0,126.09,18.12,70.34,127.16,0.0,22.0,12.0,1.0,1.0,11.0,12.0,,,Batter
SB Joshi,6.0,16.0,2.0,2.0,0.0,0.0,0.0,37.5,3.0,0.0,,0.0,82.0,55.0,1.0,4.0,8.95,55.0,,11.14,Bowler
SB Wagh,2.0,3.0,2.0,2.0,0.0,0.0,0.0,66.67,1.0,0.0,,66.67,147.0,102.0,5.0,8.0,8.65,20.4,8.0,13.5,Bowler
SD Chitnis,99.0,92.0,7.0,8.0,10.0,2.0,52.0,107.61,14.14,52.53,16.67,113.16,62.0,36.0,2.0,2.0,10.33,18.0,13.0,9.0,Batter
SD Lad,15.0,13.0,1.0,1.0,1.0,1.0,10.0,115.38,15.0,66.67,115.38,,,,,,,,,,Batter
SJ Srivastava,5.0,5.0,1.0,4.0,0.0,0.0,0.0,100.0,5.0,0.0,,100.0,444.0,282.0,15.0,14.0,9.45,18.8,9.59,9.78,Bowler
SM Harwood,9.0,14.0,0.0,2.0,0.0,0.0,0.0,64.29,9.0,0.0,,64.29,74.0,60.0,3.0,3.0,7.4,20.0,2.33,11.5,Bowler
SMSM Senanayake,10.0,17.0,1.0,4.0,0.0,0.0,0.0,58.82,10.0,0.0,,58.82,211.0,192.0,9.0,8.0,6.59,21.33,5.29,8.5,Bowler
SP Jackson,61.0,57.0,6.0,8.0,5.0,1.0,26.0,107.02,10.17,42.62,111.11,113.33,,,,,,,,,WK-Batter
SS Agarwal,,,,,,,,,,,,,42.0,24.0,1.0,1.0,10.5,24.0,11.0,,Bowler
SS Mundhe,,,,,,,,,,,,,6.0,6.0,1.0,1.0,6.0,6.0,6.0,,Bowler
SS Sarkar,,,,,,,,,,,,,34.0,25.0,1.0,2.0,8.16,25.0,15.0,6.0,Bowler
SS Shaikh,6.0,7.0,0.0,1.0,1.0,0.0,4.0,85.71,6.0,66.67,,,,,,,,,,,Batter
Sachin Baby,144.0,123.0,10.0,11.0,11.0,5.0,74.0,117.07,14.4,51.39,0.0,146.15,8.0,10.0,3.0,2.0,4.8,3.33,,6.0,Batter
Sachin Tendulkar,2334.0,2044.0,71.0,78.0,296.0,29.0,1358.0,114.19,32.87,58.18,110.43,156.64,59.0,36.0,0.0,4.0,9.83,,,19.0,Batter
Sai Kishore,18.0,16.0,3.0,4.0,0.0,2.0,12.0,112.5,6.0,66.67,,112.5,655.0,448.0,32.0,25.0,8.77,14.0,11.0,10.48,Bowler
Sai Sudharsan,1793.0,1279.0,35.0,40.0,183.0,53.0,1050.0,140.19,51.23,58.56,130.12,200.0,,,,,,,,,Batter
Salman Butt,193.0,172.0,7.0,7.0,30.0,2.0,132.0,112.21,27.57,68.39,98.11,266.67,,,,,,,,,Batter
Sam Billings,503.0,399.0,26.0,27.0,40.0,20.0,280.0,126.07,19.35,55.67,125.0,166.2,,,,,,,,,Batter
Sam Curran,997.0,761.0,41.0,53.0,85.0,41.0,586.0,131.01,24.32,58.78,109.7,170.79,2059.0,1255.0,63.0,63.0,9.84,19.92,8.36,11.49,All-rounder
Sameer Rizvi,172.0,126.0,7.0,9.0,15.0,9.0,114.0,136.51,24.57,66.28,81.82,212.5,,,,,,,,,Batter
Samuel Badree,13.0,25.0,5.0,5.0,0.0,0.0,0.0,52.0,2.6,0.0,,50.0,329.0,258.0,11.0,12.0,7.65,23.45,7.54,4.0,Bowler
Sanath Jayasuriya,768.0,573.0,29.0,30.0,84.0,39.0,570.0,134.03,26.48,74.22,127.54,,396.0,294.0,16.0,21.0,8.08,18.38,10.0,8.7,All-rounder
Sandeep Lamichhane,0.0,1.0,1.0,1.0,0.0,0.0,0.0,0.0,0.0,0.0,,0.0,297.0,210.0,14.0,9.0,8.49,15.0,8.67,10.4,Bowler
Sandeep Sharma,60.0,79.0,5.0,26.0,4.0,0.0,16.0,75.95,12.0,26.67,,75.0,4132.0,3063.0,163.0,136.0,8.09,18.79,7.11,10.23,Bowler
Sandeep Warrier,,,,,,,,,,,,,257.0,168.0,8.0,10.0,9.18,21.0,9.22,,Bowler
Sanjay Bangar,49.0,58.0,6.0,7.0,1.0,3.0,22.0,84.48,8.17,44.9,,139.13,221.0,150.0,6.0,9.0,8.84,25.0,4.33,14.25,Bowler
Sanju Samson,4704.0,3475.0,151.0,171.0,379.0,219.0,2830.0,135.37,31.15,60.16,120.63,181.4,,,,,,,,,Batter
Sanvir Singh,25.0,22.0,2.0,5.0,2.0,1.0,14.0,113.64,12.5,56.0,140.0,120.0,,,,,,,,,Batter
Sarfaraz Khan,585.0,456.0,29.0,36.0,63.0,14.0,336.0,128.29,20.17,57.44,128.99,158.19,6.0,2.0,0.0,1.0,18.0,,,18.0,Batter
Satyanarayana Raju,1.0,1.0,0.0,1.0,0.0,0.0,0.0,100.0,1.0,0.0,,100.0,54.0,29.0,2.0,2.0,11.17,14.5,11.14,10.88,Bowler
Saurabh Tiwary,1494.0,1291.0,50.0,73.0,111.0,50.0,744.0,115.72,29.88,49.8,98.26,138.84,,,,,,,,,Batter
Saurav Chauhan,18.0,16.0,3.0,3.0,1.0,1.0,10.0,112.5,6.0,55.56,,121.43,,,,,,,,,Batter
Scott Boland,,,,,,,,,,,,,56.0,42.0,3.0,2.0,8.0,14.0,7.33,8.0,Bowler
Scott Kuggeleijn,,,,,,,,,,,,,71.0,48.0,2.0,2.0,8.88,24.0,11.0,8.25,Bowler
Scott Styris,131.0,134.0,7.0,10.0,10.0,3.0,58.0,97.76,18.71,44.27,61.54,142.86,278.0,216.0,9.0,11.0,7.72,24.0,6.43,10.45,All-rounder
Sean Abbott,22.0,18.0,2.0,3.0,1.0,2.0,16.0,122.22,11.0,72.73,,146.67,104.0,54.0,1.0,3.0,11.56,54.0,11.0,18.0,Bowler
Sediqullah Atal,22.0,16.0,1.0,1.0,0.0,2.0,12.0,137.5,22.0,54.55,,,,,,,,,,,Batter
Shadab Jakati,28.0,30.0,2.0,5.0,3.0,0.0,12.0,93.33,14.0,42.86,,93.33,1474.0,1085.0,50.0,57.0,8.15,21.7,8.69,9.57,Bowler
Shahbaz Ahmed,545.0,475.0,30.0,38.0,29.0,25.0,266.0,114.74,18.17,48.81,77.78,135.03,953.0,593.0,22.0,45.0,9.64,26.95,9.84,7.76,All-rounder
Shahbaz Nadeem,39.0,88.0,16.0,20.0,2.0,0.0,8.0,44.32,2.44,20.51,,45.45,1800.0,1415.0,54.0,70.0,7.63,26.2,8.28,9.53,Bowler
Shahid Afridi,81.0,46.0,8.0,9.0,7.0,6.0,64.0,176.09,10.12,79.01,238.89,220.0,237.0,180.0,9.0,10.0,7.9,20.0,6.5,9.83,Bowler
Shahrukh Khan,732.0,517.0,31.0,48.0,46.0,50.0,484.0,141.59,23.61,66.12,109.52,157.03,29.0,18.0,1.0,3.0,9.67,18.0,,7.0,Batter
Shai Hope,183.0,125.0,8.0,9.0,12.0,12.0,120.0,146.4,22.88,65.57,127.87,110.0,,,,,,,,,Batter
Shaik Rasheed,71.0,67.0,5.0,5.0,9.0,2.0,48.0,105.97,14.2,67.61,107.81,,,,,,,,,,Batter
Shakib Al Hasan,795.0,665.0,40.0,52.0,73.0,21.0,418.0,119.55,19.88,52.58,97.37,130.56,1864.0,1484.0,71.0,70.0,7.54,20.9,7.61,9.65,All-rounder
Shamar Joseph,,,,,,,,,,,,,51.0,24.0,0.0,1.0,12.75,,13.5,,Bowler
Shams Mulani,1.0,1.0,0.0,1.0,0.0,0.0,0.0,100.0,1.0,0.0,,100.0,57.0,30.0,0.0,2.0,11.4,,12.0,21.0,Bowler
Shane Bond,1.0,2.0,1.0,1.0,0.0,0.0,0.0,50.0,1.0,0.0,,,225.0,186.0,9.0,8.0,7.26,20.67,6.33,9.67,Bowler
Shane Warne,198.0,219.0,19.0,27.0,14.0,6.0,92.0,90.41,10.42,46.46,,102.24,1465.0,1194.0,60.0,54.0,7.36,19.9,9.83,9.08,Bowler
Shane Watson,3880.0,2892.0,126.0,141.0,377.0,190.0,2648.0,134.16,30.79,68.25,109.98,180.48,2742.0,2029.0,107.0,105.0,8.11,18.96,7.3,9.99,All-rounder
Shardul Thakur,325.0,243.0,26.0,40.0,30.0,13.0,198.0,133.74,12.5,60.92,0.0,136.65,3278.0,2086.0,115.0,102.0,9.43,18.14,9.29,10.68,Bowler
Shashank Singh,773.0,509.0,18.0,33.0,56.0,43.0,482.0,151.87,42.94,62.35,121.43,185.96,52.0,30.0,1.0,4.0,10.4,30.0,,16.0,Batter
Shaun Marsh,2489.0,1913.0,65.0,69.0,269.0,78.0,1544.0,130.11,38.29,62.03,103.45,151.45,,,,,,,,,Batter
Shaun Pollock,147.0,116.0,8.0,8.0,12.0,8.0,96.0,126.72,18.38,65.31,16.67,181.82,307.0,276.0,13.0,13.0,6.67,21.23,6.26,8.0,Bowler
Shaun Tait,23.0,26.0,3.0,5.0,1.0,1.0,10.0,88.46,7.67,43.48,,76.47,668.0,473.0,26.0,21.0,8.47,18.19,8.0,8.64,Bowler
Sheldon Cottrell,0.0,2.0,1.0,1.0,0.0,0.0,0.0,0.0,0.0,0.0,,0.0,177.0,120.0,6.0,6.0,8.85,20.0,7.71,16.0,Bowler
Sherfane Rutherford,397.0,308.0,18.0,20.0,25.0,26.0,256.0,128.9,22.06,64.48,25.0,141.73,60.0,41.0,1.0,6.0,8.78,41.0,,2.4,Batter
Shikhar Dhawan,6769.0,5483.0,194.0,221.0,768.0,153.0,3990.0,123.45,34.89,58.95,119.32,155.71,72.0,48.0,4.0,6.0,9.0,12.0,10.33,,Batter
Shimron Hetmyer,1488.0,1035.0,53.0,78.0,94.0,93.0,934.0,143.77,28.08,62.77,104.76,161.7,,,,,,,,,Batter
Shivam Dube,1859.0,1366.0,61.0,75.0,108.0,122.0,1164.0,136.09,30.48,62.61,76.6,156.68,223.0,125.0,6.0,15.0,10.7,20.83,,11.4,Batter
Shivam Mavi,51.0,58.0,9.0,11.0,4.0,2.0,28.0,87.93,5.67,54.9,,92.31,958.0,649.0,33.0,32.0,8.86,19.67,8.42,11.29,Bowler
Shivam Sharma,5.0,3.0,1.0,2.0,1.0,0.0,4.0,166.67,5.0,80.0,,166.67,165.0,114.0,4.0,5.0,8.68,28.5,,9.5,Bowler
Shivam Singh,2.0,3.0,0.0,1.0,0.0,0.0,0.0,66.67,2.0,0.0,,66.67,,,,,,,,,Batter
Shivnarine Chanderpaul,25.0,33.0,3.0,3.0,4.0,0.0,16.0,75.76,8.33,64.0,75.76,,,,,,,,,,Batter
Shoaib Ahmed,1.0,6.0,2.0,3.0,0.0,0.0,0.0,16.67,0.5,0.0,,0.0,154.0,102.0,5.0,7.0,9.06,20.4,12.33,14.0,Bowler
Shoaib Akhtar,2.0,8.0,1.0,1.0,0.0,0.0,0.0,25.0,2.0,0.0,,0.0,54.0,42.0,5.0,3.0,7.71,8.4,7.71,,Bowler
Shoaib Malik,52.0,49.0,4.0,5.0,5.0,0.0,20.0,106.12,13.0,38.46,121.43,114.29,87.0,51.0,2.0,5.0,10.24,25.5,,10.0,Bowler
Shreevats Goswami,293.0,307.0,20.0,21.0,32.0,3.0,146.0,95.44,14.65,49.83,92.61,113.04,,,,,,,,,Batter
Shreyas Gopal,180.0,173.0,13.0,22.0,19.0,2.0,88.0,104.05,13.85,48.89,0.0,125.0,1358.0,991.0,53.0,51.0,8.22,18.7,7.95,6.87,Bowler
Shreyas Iyer,3735.0,2904.0,114.0,131.0,315.0,152.0,2172.0,128.62,32.76,58.15,108.06,171.98,7.0,6.0,0.0,1.0,7.0,,,7.0,Batter
Shubham Dubey,139.0,87.0,7.0,11.0,9.0,10.0,96.0,159.77,19.86,69.06,233.33,189.58,,,,,,,,,Batter
Shubman Gill,3866.0,2864.0,98.0,114.0,372.0,119.0,2202.0,134.99,39.45,56.96,127.25,147.14,,,,,,,,,Batter
Siddarth Kaul,20.0,36.0,3.0,9.0,1.0,0.0,4.0,55.56,6.67,20.0,,55.56,1772.0,1209.0,63.0,55.0,8.79,19.19,9.16,8.95,Bowler
Siddharth Trivedi,42.0,61.0,8.0,14.0,3.0,1.0,18.0,68.85,5.25,42.86,,70.0,1944.0,1506.0,73.0,75.0,7.75,20.63,9.43,9.12,Bowler
Sikandar Raza,182.0,143.0,7.0,9.0,12.0,8.0,96.0,127.27,26.0,52.75,88.89,123.68,146.0,85.0,3.0,7.0,10.31,28.33,14.0,,Batter
Simarjeet Singh,10.0,15.0,3.0,6.0,0.0,0.0,0.0,66.67,3.33,0.0,,66.67,411.0,243.0,12.0,14.0,10.15,20.25,10.16,10.67,Bowler
Simon Katich,241.0,191.0,10.0,11.0,26.0,8.0,152.0,126.18,24.1,63.07,131.82,125.0,,,,,,,,,Batter
Sisanda Magala,,,,,,,,,,,,,52.0,36.0,1.0,2.0,8.67,36.0,14.0,5.0,Bowler
Sohail Tanvir,36.0,31.0,3.0,5.0,3.0,1.0,18.0,116.13,12.0,50.0,162.5,92.31,275.0,247.0,24.0,11.0,6.68,10.29,6.59,7.11,Bowler
Sourav Ganguly,1349.0,1326.0,54.0,56.0,137.0,42.0,800.0,101.73,24.98,59.3,97.96,174.31,370.0,276.0,12.0,20.0,8.04,23.0,10.67,16.5,Batter
Spencer Johnson,8.0,11.0,0.0,5.0,1.0,0.0,4.0,72.73,8.0,50.0,,77.78,288.0,168.0,5.0,9.0,10.29,33.6,10.21,8.87,Bowler
Sreenath Aravind,59.0,59.0,3.0,10.0,7.0,0.0,28.0,100.0,19.67,47.46,,104.26,1057.0,760.0,48.0,38.0,8.34,15.83,7.65,9.89,Bowler
Sreesanth,34.0,57.0,3.0,12.0,6.0,0.0,24.0,59.65,11.33,70.59,,59.65,1221.0,880.0,43.0,44.0,8.32,20.47,7.78,11.29,Bowler
Stephen Fleming,196.0,171.0,9.0,10.0,27.0,3.0,126.0,114.62,21.78,64.29,106.19,,,,,,,,,,Batter
Steve Smith,2495.0,1999.0,78.0,93.0,226.0,60.0,1264.0,124.81,31.99,50.66,117.78,159.73,5.0,2.0,0.0,1.0,15.0,,,15.0,Batter
Stuart Binny,880.0,700.0,44.0,66.0,66.0,35.0,474.0,125.71,20.0,53.86,72.0,149.25,763.0,594.0,28.0,63.0,7.71,21.21,7.46,9.7,All-rounder
Subramaniam Badrinath,1441.0,1245.0,48.0,65.0,154.0,28.0,784.0,115.74,30.02,54.41,73.98,149.12,,,,,,,,,Batter
Sumit Kumar,18.0,26.0,2.0,3.0,2.0,1.0,14.0,69.23,9.0,77.78,0.0,18.18,38.0,20.0,0.0,2.0,11.4,,,24.0,Batter
Sunil Narine,1780.0,1143.0,95.0,118.0,189.0,116.0,1452.0,155.73,18.74,81.57,161.74,119.08,5029.0,4356.0,212.0,187.0,6.93,20.55,6.95,7.5,All-rounder
Sunny Gupta,0.0,1.0,1.0,1.0,0.0,0.0,0.0,0.0,0.0,0.0,,0.0,47.0,18.0,0.0,1.0,15.67,,12.0,,Bowler
Sunny Singh,43.0,31.0,4.0,5.0,6.0,1.0,30.0,138.71,10.75,69.77,187.5,77.78,,,,,,,,,Batter
Suresh Raina,5536.0,4177.0,168.0,200.0,506.0,204.0,3248.0,132.54,32.95,58.67,128.93,165.26,1139.0,908.0,30.0,69.0,7.53,30.27,7.55,8.93,Batter
Suryakumar Yadav,4311.0,2961.0,123.0,151.0,454.0,168.0,2824.0,145.59,35.05,65.51,135.85,177.32,8.0,6.0,0.0,1.0,8.0,,8.0,,Batter
Suryansh Shedge,7.0,12.0,3.0,3.0,0.0,0.0,0.0,58.33,2.33,0.0,,37.5,40.0,19.0,0.0,1.0,12.63,,,22.29,Bowler
Suyash Prabhudessai,126.0,113.0,9.0,10.0,11.0,4.0,68.0,111.5,14.0,53.97,61.54,104.35,,,,,,,,,Batter
Suyash Sharma,,,,,,,,,,,,,835.0,563.0,20.0,27.0,8.9,28.15,7.33,10.52,Bowler
Swapnil Asnodkar,423.0,352.0,19.0,19.0,56.0,10.0,284.0,120.17,22.26,67.14,128.7,,,,,,,,,,Batter
Swapnil Singh,51.0,46.0,5.0,9.0,3.0,3.0,30.0,110.87,10.2,58.82,,130.0,241.0,162.0,7.0,14.0,8.93,23.14,8.86,,Bowler
T Henderson,11.0,16.0,1.0,2.0,0.0,1.0,6.0,68.75,11.0,54.55,20.0,,41.0,36.0,1.0,2.0,6.83,36.0,,9.33,Bowler
T Natarajan,3.0,5.0,0.0,2.0,0.0,0.0,0.0,60.0,3.0,0.0,,60.0,2050.0,1355.0,76.0,62.0,9.08,17.83,8.56,10.25,Bowler
T Taibu,31.0,26.0,3.0,3.0,3.0,0.0,12.0,119.23,10.33,38.71,,150.0,,,,,,,,,Batter
TD Paine,10.0,29.0,2.0,2.0,0.0,0.0,0.0,34.48,5.0,0.0,34.48,,,,,,,,,,Batter
TL Suman,676.0,587.0,30.0,39.0,55.0,26.0,376.0,115.16,22.53,55.62,100.0,130.91,198.0,150.0,7.0,11.0,7.92,21.43,6.0,12.0,All-rounder
TM Srivastava,8.0,11.0,1.0,3.0,0.0,0.0,0.0,72.73,8.0,0.0,,85.71,,,,,,,,,Batter
TP Sudhindra,,,,,,,,,,,,,137.0,70.0,1.0,3.0,11.74,70.0,10.0,13.64,Bowler
TR Birt,75.0,59.0,5.0,5.0,9.0,2.0,48.0,127.12,15.0,64.0,,162.16,,,,,,,,,Batter
Tabraiz Shamsi,2.0,4.0,0.0,1.0,0.0,0.0,0.0,50.0,2.0,0.0,,50.0,185.0,120.0,3.0,5.0,9.25,40.0,,14.0,Bowler
Tanush Kotian,24.0,32.0,1.0,1.0,3.0,0.0,12.0,75.0,24.0,50.0,85.71,,,,,,,,,,Batter
Tejas Baroka,,,,,,,,,,,,,33.0,21.0,0.0,1.0,9.43,,8.0,18.0,Bowler
Tilak Varma,1499.0,1089.0,38.0,51.0,113.0,74.0,896.0,137.65,39.45,59.77,122.76,167.67,28.0,22.0,0.0,4.0,7.64,,7.0,12.0,Batter
Tillakaratne Dilshan,1153.0,1047.0,41.0,50.0,140.0,24.0,704.0,110.12,28.12,61.06,107.02,160.48,368.0,271.0,5.0,25.0,8.15,54.2,8.86,7.44,All-rounder
Tim David,846.0,523.0,26.0,44.0,54.0,60.0,576.0,161.76,32.54,68.09,,175.58,,,,,,,,,Batter
Tim Seifert,26.0,26.0,3.0,3.0,4.0,0.0,16.0,100.0,8.67,61.54,114.29,40.0,,,,,,,,,Batter
Tim Southee,120.0,108.0,11.0,19.0,8.0,4.0,56.0,111.11,10.91,46.67,,130.86,1774.0,1206.0,57.0,54.0,8.83,21.16,8.14,10.72,Bowler
Tom Banton,18.0,22.0,2.0,2.0,1.0,1.0,10.0,81.82,9.0,55.56,81.82,,,,,,,,,,Batter
Tom Curran,127.0,108.0,5.0,10.0,10.0,3.0,58.0,117.59,25.4,45.67,,138.0,432.0,238.0,13.0,13.0,10.89,18.31,9.57,12.59,Bowler
Tom Kohler-Cadmore,48.0,54.0,3.0,3.0,7.0,1.0,34.0,88.89,16.0,70.83,92.16,,,,,,,,,,Batter
Travis Head,772.0,458.0,20.0,25.0,76.0,40.0,544.0,168.56,38.6,70.47,195.26,169.49,113.0,58.0,3.0,6.0,11.69,19.33,,9.0,Batter
Trent Boult,85.0,86.0,8.0,24.0,5.0,3.0,38.0,98.84,10.62,44.71,,100.0,3806.0,2698.0,151.0,119.0,8.46,17.87,7.35,10.69,Bowler
Tristan Stubbs,711.0,442.0,17.0,30.0,51.0,38.0,432.0,160.86,41.82,60.76,138.46,216.26,69.0,36.0,4.0,5.0,11.5,9.0,,5.0,Batter
Tushar Deshpande,28.0,24.0,2.0,8.0,2.0,1.0,14.0,116.67,14.0,50.0,,116.67,1616.0,985.0,55.0,46.0,9.84,17.91,8.85,11.7,Bowler
Tymal Mills,8.0,14.0,4.0,5.0,0.0,1.0,6.0,57.14,2.0,75.0,,66.67,349.0,209.0,11.0,10.0,10.02,19.0,8.83,10.15,Bowler
U Kaul,0.0,1.0,0.0,1.0,0.0,0.0,0.0,0.0,0.0,0.0,,0.0,,,,,,,,,Batter
UA Birla,7.0,15.0,1.0,1.0,1.0,0.0,4.0,46.67,7.0,57.14,66.67,,,,,,,,,,Batter
UBT Chand,300.0,314.0,20.0,20.0,32.0,9.0,182.0,95.54,15.0,60.67,80.54,157.89,,,,,,,,,Batter
Umar Gul,39.0,19.0,3.0,4.0,1.0,5.0,34.0,205.26,13.0,87.18,,205.26,198.0,135.0,14.0,6.0,8.8,9.64,7.0,11.73,Bowler
Umesh Yadav,208.0,211.0,21.0,48.0,16.0,9.0,118.0,98.58,9.9,56.73,,103.54,4442.0,3057.0,163.0,147.0,8.72,18.75,7.96,10.75,Bowler
Umran Malik,23.0,16.0,1.0,5.0,1.0,2.0,16.0,143.75,23.0,69.57,,143.75,785.0,494.0,31.0,26.0,9.53,15.94,19.0,10.44,Bowler
Urvil Patel,68.0,34.0,3.0,3.0,5.0,6.0,56.0,200.0,22.67,82.35,182.61,,,,,,,,,,Batter
Usman Khawaja,127.0,105.0,5.0,6.0,14.0,3.0,74.0,120.95,25.4,58.27,135.44,,,,,,,,,,Batter
V Kaverappa,,,,,,,,,,,,,36.0,24.0,2.0,1.0,9.0,12.0,6.67,,Bowler
V Viyaskanth,7.0,5.0,0.0,1.0,0.0,0.0,0.0,140.0,7.0,0.0,,140.0,90.0,60.0,1.0,3.0,9.0,60.0,,,Bowler
VH Zol,29.0,26.0,2.0,2.0,3.0,1.0,18.0,111.54,14.5,62.07,104.76,,,,,,,,,,Batter
VRV Singh,4.0,3.0,1.0,2.0,1.0,0.0,4.0,133.33,4.0,100.0,,133.33,549.0,360.0,16.0,18.0,9.15,22.5,10.46,9.06,Bowler
VS Malik,7.0,7.0,1.0,2.0,1.0,0.0,4.0,100.0,7.0,57.14,,100.0,268.0,205.0,6.0,13.0,7.84,34.17,7.48,10.29,Bowler
VS Yeligati,2.0,2.0,1.0,1.0,0.0,0.0,0.0,100.0,2.0,0.0,,100.0,61.0,30.0,0.0,2.0,12.2,,13.0,13.0,Bowler
VVS Laxman,282.0,271.0,16.0,20.0,33.0,5.0,162.0,104.06,17.62,57.45,97.91,50.0,,,,,,,,,Batter
VY Mahesh,15.0,28.0,2.0,5.0,0.0,0.0,0.0,53.57,7.5,0.0,,60.0,511.0,339.0,22.0,17.0,9.04,15.41,11.46,7.71,Bowler
Vaibhav Arora,9.0,25.0,4.0,9.0,0.0,0.0,0.0,36.0,2.25,0.0,,50.0,1027.0,654.0,39.0,32.0,9.42,16.77,8.73,10.62,Bowler
Vaibhav Suryavanshi,252.0,127.0,7.0,7.0,18.0,24.0,216.0,198.43,36.0,85.71,194.59,,,,,,,,,,Batter
Varun Aaron,50.0,73.0,4.0,12.0,2.0,2.0,20.0,68.49,12.5,40.0,,69.44,1527.0,994.0,46.0,50.0,9.22,21.61,8.89,11.71,Bowler
Varun Chakaravarthy,26.0,50.0,2.0,11.0,2.0,0.0,8.0,52.0,13.0,30.77,,55.32,2432.0,1898.0,102.0,83.0,7.69,18.61,7.71,8.49,Bowler
Veer Pratap Singh,0.0,1.0,1.0,1.0,0.0,0.0,0.0,0.0,0.0,0.0,,0.0,300.0,204.0,12.0,9.0,8.82,17.0,8.75,10.14,Bowler
Venkatesh Iyer,1468.0,1107.0,50.0,56.0,136.0,65.0,934.0,132.61,29.36,63.62,126.0,156.52,145.0,81.0,3.0,9.0,10.74,27.0,,10.0,Batter
Vignesh Puthur,,,,,,,,,,,,,109.0,73.0,6.0,5.0,8.96,12.17,,11.08,Bowler
Vijay Shankar,1233.0,985.0,46.0,63.0,88.0,48.0,640.0,125.18,26.8,51.91,94.78,158.46,344.0,238.0,12.0,22.0,8.67,19.83,10.5,8.8,Batter
Vijaykumar Vyshak,14.0,13.0,2.0,4.0,0.0,1.0,6.0,107.69,7.0,42.86,,107.69,576.0,343.0,21.0,16.0,10.08,16.33,9.43,12.43,Bowler
Vinay Kumar,310.0,289.0,26.0,42.0,21.0,9.0,138.0,107.27,11.92,44.52,,109.62,3041.0,2127.0,127.0,104.0,8.58,16.75,7.38,10.7,Bowler
Vipraj Nigam,142.0,82.0,5.0,8.0,16.0,8.0,112.0,173.17,28.4,78.87,250.0,172.5,361.0,244.0,12.0,13.0,8.88,20.33,9.12,5.69,Bowler
Virat Kohli,8682.0,6722.0,234.0,262.0,774.0,293.0,4854.0,129.16,37.1,55.91,122.04,176.73,371.0,251.0,5.0,26.0,8.87,50.2,,12.92,Batter
Virat Singh,15.0,26.0,3.0,2.0,1.0,0.0,4.0,57.69,5.0,26.67,0.0,,,,,,,,,,Batter
Virender Sehwag,2728.0,1833.0,98.0,104.0,334.0,106.0,1972.0,148.83,27.84,72.29,137.33,208.57,236.0,136.0,6.0,15.0,10.41,22.67,23.5,13.64,Batter
Vishnu Vinod,56.0,58.0,6.0,6.0,3.0,3.0,30.0,96.55,9.33,53.57,47.62,109.09,,,,,,,,,WK-Batter
Vivrant Sharma,69.0,49.0,1.0,1.0,9.0,2.0,48.0,140.82,69.0,69.57,112.5,,37.0,18.0,0.0,2.0,12.33,,,,Batter
WA Mota,56.0,76.0,5.0,8.0,2.0,0.0,8.0,73.68,11.2,14.29,,82.14,98.0,72.0,4.0,7.0,8.17,18.0,,12.0,Batter
Wanindu Hasaranga,72.0,80.0,11.0,14.0,7.0,1.0,34.0,90.0,6.55,47.22,,103.77,758.0,552.0,36.0,26.0,8.24,15.33,9.9,7.87,Bowler
Washington Sundar,511.0,426.0,32.0,43.0,42.0,16.0,264.0,119.95,15.97,51.66,114.29,135.75,1447.0,1121.0,41.0,63.0,7.74,27.34,8.55,9.41,All-rounder
Wasim Jaffer,130.0,129.0,7.0,8.0,14.0,3.0,74.0,100.78,18.57,56.92,81.05,,,,,,,,,,Batter
Wayne Parnell,65.0,86.0,10.0,13.0,4.0,1.0,22.0,75.58,6.5,33.85,73.33,77.78,968.0,723.0,40.0,33.0,8.03,18.08,7.9,8.75,Bowler
Will Jacks,463.0,306.0,16.0,19.0,38.0,29.0,326.0,151.31,28.94,70.41,148.44,483.33,221.0,144.0,8.0,13.0,9.21,18.0,9.73,10.29,All-rounder
William ORourke,,,,,,,,,,,,,132.0,64.0,6.0,3.0,12.38,10.67,12.48,12.86,Bowler
Wriddhiman Saha,2934.0,2368.0,121.0,143.0,296.0,87.0,1706.0,123.9,24.25,58.15,128.49,153.87,,,,,,,,,Batter
X Thalaivan Sargunam,10.0,17.0,1.0,1.0,0.0,0.0,0.0,58.82,10.0,0.0,,66.67,,,,,,,,,Batter
Y Gnaneswara Rao,19.0,18.0,1.0,1.0,3.0,0.0,12.0,105.56,19.0,63.16,115.38,,7.0,6.0,0.0,1.0,7.0,,,,Batter
Y Nagar,285.0,271.0,15.0,20.0,20.0,9.0,134.0,105.17,19.0,47.02,66.67,132.59,125.0,66.0,4.0,8.0,11.36,16.5,10.0,,Batter
Y Prithvi Raj,0.0,1.0,0.0,1.0,0.0,0.0,0.0,0.0,0.0,0.0,,0.0,57.0,30.0,1.0,2.0,11.4,30.0,16.5,,Bowler
Y Venugopal Rao,985.0,865.0,42.0,52.0,77.0,37.0,530.0,113.87,23.45,53.81,74.51,148.85,338.0,216.0,7.0,20.0,9.39,30.86,9.57,13.25,Batter
YA Abdulla,0.0,1.0,0.0,1.0,0.0,0.0,0.0,0.0,0.0,0.0,,0.0,311.0,209.0,15.0,11.0,8.93,13.93,7.36,11.8,Bowler
YV Takawale,192.0,183.0,8.0,10.0,26.0,3.0,122.0,104.92,24.0,63.54,88.32,223.08,,,,,,,,,WK-Batter
Yash Dayal,4.0,9.0,3.0,4.0,0.0,0.0,0.0,44.44,1.33,0.0,,50.0,1412.0,883.0,45.0,43.0,9.59,19.62,9.43,10.96,Bowler
Yash Dhull,16.0,23.0,3.0,3.0,1.0,0.0,4.0,69.57,5.33,25.0,22.22,,,,,,,,,,Batter
Yash Thakur,,,,,,,,,,,,,782.0,447.0,28.0,21.0,10.5,15.96,9.95,11.47,Bowler
Yashasvi Jaiswal,2166.0,1453.0,62.0,66.0,259.0,92.0,1588.0,149.07,34.94,73.31,154.66,200.0,6.0,1.0,0.0,1.0,36.0,,,36.0,Batter
Yashpal Singh,47.0,67.0,4.0,4.0,5.0,0.0,20.0,70.15,11.75,42.55,45.95,130.77,,,,,,,,,Batter
Younis Khan,3.0,7.0,1.0,1.0,0.0,0.0,0.0,42.86,3.0,0.0,42.86,,,,,,,,,,Batter
Yudhvir Singh,22.0,16.0,4.0,4.0,1.0,2.0,16.0,137.5,5.5,72.73,,166.67,255.0,141.0,8.0,9.0,10.85,17.62,10.33,12.0,Bowler
Yusuf Pathan,3222.0,2334.0,111.0,153.0,263.0,161.0,2018.0,138.05,29.03,62.63,141.02,153.83,1443.0,1147.0,46.0,82.0,7.55,24.93,6.81,9.65,All-rounder
Yuvraj Singh,2754.0,2207.0,109.0,126.0,218.0,149.0,1766.0,124.78,25.27,64.12,97.97,169.35,1091.0,869.0,39.0,73.0,7.53,22.28,,8.39,All-rounder
Yuzvendra Chahal,37.0,89.0,6.0,17.0,0.0,0.0,0.0,41.57,6.17,0.0,,50.0,5112.0,3798.0,229.0,172.0,8.08,16.59,7.99,9.49,Bowler
Zaheer Khan,117.0,141.0,15.0,27.0,11.0,2.0,56.0,82.98,7.8,47.86,0.0,99.08,2860.0,2200.0,119.0,99.0,7.8,18.49,6.93,9.35,Bowler
Zeeshan Ansari,,,,,,,,,,,,,334.0,209.0,8.0,10.0,9.59,26.12,,12.0,Bowler
